idx,tag,num_faces,maxIoU,meanCov,maxCov,anyCover,score,overlap,area,face_inside_penalty,face_conflict_penalty,svg_penalty
0,improved_right,1,0.15083922445774078,0.0,0.0,0.0,0.1188434287905693,0.01188434287905693,0.10245496034622192,0.0,0.0,0.0
1,improved_right,1,0.1505974978208542,0.0,0.0,0.0,0.15827359408140174,0.014453601092100143,0.13110359013080597,0.0,0.0,0.0
2,improved_right,1,0.15736015141010284,0.0,0.0,0.0,0.12346993200480938,0.012346993200480938,0.10229990631341934,0.0,0.0,0.0
3,improved_right,1,0.16455577313899994,0.0,0.0,0.0,0.37722128443419933,0.03772212844341993,0.28258854150772095,0.0,0.0,0.0
4,improved_right,1,0.13389024138450623,0.0,0.0,0.0,0.19256010884419084,0.019256010884419084,0.178157240152359,0.0,0.0,0.0
5,improved_right,1,0.13440009951591492,0.0,0.0,0.0,0.11900591664016247,0.011900591664016247,0.1400037556886673,0.0,0.0,0.0
6,improved_right,1,0.12729904055595398,0.0,0.0,0.0,0.10888725519180298,0.010888725519180298,0.11772998422384262,0.0,0.0,0.0
7,improved_right,1,0.12892767786979675,0.0,0.0,0.0,0.20610570907592773,0.020610570907592773,0.18191668391227722,0.0,0.0,0.0
8,improved_right,1,0.21551351249217987,0.0,0.0,0.0,0.2633531019091606,0.02633531019091606,0.1730351746082306,0.0,0.0,0.0
9,improved_right,1,0.2036813646554947,0.0,0.0,0.0,0.30193311627954245,0.030193311627954245,0.17742671072483063,0.0,0.0,0.0
10,improved_right,1,0.12448487430810928,0.0,0.0,0.0,0.10761789046227932,0.010761789046227932,0.1176861822605133,0.0,0.0,0.0
11,improved_right,1,0.12738123536109924,0.0,0.0,0.0,0.19472644440829745,0.011898095719516277,0.1467338353395462,0.0,0.0,0.0
12,improved_right,1,0.13934504985809326,0.0,0.0,0.0,0.15726763755083084,0.015726763755083084,0.18094110488891602,0.0,0.0,0.0
13,improved_right,1,0.1750791221857071,0.0,0.0,0.0,0.18067993223667145,0.018067993223667145,0.15316958725452423,0.0,0.0,0.0
14,improved_right,1,0.1967223882675171,0.0,0.0,0.0,0.20071260631084442,0.020071260631084442,0.16578523814678192,0.0,0.0,0.0
15,improved_right,1,0.14586502313613892,0.0,0.0,0.0,0.1739543117582798,0.01739543117582798,0.17122305929660797,0.0,0.0,0.0
16,improved_right,1,0.178625226020813,0.0,0.0,0.0,0.16384098678827286,0.016384098678827286,0.14972132444381714,0.0,0.0,0.0
17,improved_right,1,0.1388917714357376,0.0,0.0,0.0,0.1048752386122942,0.01048752386122942,0.10524806380271912,0.0,0.0,0.0
18,improved_right,1,0.1560991108417511,0.0,0.0,0.0,0.22531107775866976,0.015255535952746868,0.160256028175354,0.0,0.0,0.0
19,improved_right,1,0.1554120033979416,0.0,0.0,0.0,0.09813660755753517,0.009813660755753517,0.09130050241947174,0.0,0.0,0.0
20,improved_right,1,0.16139547526836395,0.0,0.0,0.0,0.19622947089374065,0.019622947089374065,0.20825320482254028,0.0,0.0,0.0
21,improved_right,1,0.16079850494861603,0.0,0.0,0.0,0.15050592832267284,0.015050592832267284,0.12590739130973816,0.0,0.0,0.0
22,improved_right,1,0.13850490748882294,0.0,0.0,0.0,0.13941548764705658,0.013941548764705658,0.1369900107383728,0.0,0.0,0.0
23,improved_right,1,0.1551637053489685,0.0,0.0,0.0,0.4067640095949174,0.017327509820461273,0.14639157056808472,0.0,0.0,0.0
24,improved_right,1,0.21456101536750793,0.0,0.0,0.0,0.49430538723245254,0.02959445328451693,0.19941984117031097,0.0,0.0,0.0009163618087768555
25,improved_right,1,0.17330627143383026,0.0,0.0,0.0,0.0887578446418047,0.00887578446418047,0.07813266664743423,0.0,0.0,0.0
26,improved_right,1,0.12805837392807007,0.0,0.0,0.0,0.10230016894638538,0.010230016894638538,0.10402738302946091,0.0,0.0,0.0
27,improved_right,1,0.15003667771816254,0.0,0.0,0.0,0.12307072058320045,0.012307072058320045,0.12259742617607117,0.0,0.0,0.0
28,improved_right,1,0.15505370497703552,0.0,0.0,0.0,0.14650369063019753,0.014650369063019753,0.1605650931596756,0.0,0.0,0.0
29,improved_right,1,0.16645608842372894,0.0,0.0,0.0,0.15671977773308754,0.015671977773308754,0.1312621831893921,0.0,0.0,0.0
30,improved_right,1,0.15330232679843903,0.0,0.0,0.0,0.14544663950800896,0.014544663950800896,0.12800873816013336,0.0,0.0,0.0
31,improved_right,1,0.17503486573696136,0.0,0.0,0.0,0.1896221563220024,0.01896221563220024,0.14731894433498383,0.0,0.0,0.0
32,improved_right,1,0.1500289887189865,0.0,0.0,0.0,0.27955627953633666,0.02699046186171472,0.1938968449831009,0.0,0.0,0.0032172203063964844
33,improved_right,1,0.18519876897335052,0.0,0.0,0.0,0.38758694659918547,0.03875869465991855,0.18997591733932495,0.0,0.0,0.0
34,improved_right,1,0.14721766114234924,0.0,0.0,0.0,0.25401799716055384,0.02226416114717722,0.16633404791355133,0.0,0.0,0.0
35,improved_right,1,0.132099911570549,0.0,0.0,0.0,0.29052030071616164,0.028039639815688133,0.22639846801757812,0.0,0.0,0.0
36,improved_right,1,0.1511155664920807,0.0,0.0,0.0,0.1321650668978691,0.013216506689786911,0.1334378868341446,0.0,0.0,0.0
37,improved_right,1,0.1770528256893158,0.0,0.0,0.0,0.21061102859675884,0.021061102859675884,0.1278667151927948,0.0,0.0,0.0
38,improved_right,1,0.131177619099617,0.0,0.0,0.0,0.256933132186532,0.025693313218653202,0.19703617691993713,0.0,0.0,0.0
39,improved_right,1,0.18695834279060364,0.0,0.0,0.0,0.298644274007529,0.029864427400752902,0.16586841642856598,0.0,0.0,0.0
40,improved_right,1,0.16726641356945038,0.0,0.0,0.0,0.17372600734233856,0.017372600734233856,0.15595825016498566,0.0,0.0,0.0
41,improved_right,1,0.1675272434949875,0.0,0.0,0.0,0.09031874127686024,0.009031874127686024,0.0938793271780014,0.0,0.0,0.0
42,improved_right,1,0.17067782580852509,0.0,0.0,0.0,0.1014292985200882,0.01014292985200882,0.09351429343223572,0.0,0.0,0.0
43,improved_right,1,0.15253661572933197,0.0,0.0,0.0,0.2878253301605582,0.028782533016055822,0.24083958566188812,0.0,0.0,0.0
44,improved_right,1,0.18940192461013794,0.0,0.0,0.0,0.5939564464555589,0.0346676957415184,0.23930704593658447,0.0,0.0,0.0
45,improved_right,1,0.20884478092193604,0.0,0.0,0.0,0.3442295640707016,0.03442295640707016,0.2095625251531601,0.0,0.0,0.0
46,improved_right,1,0.17730623483657837,0.0,0.0,0.0,0.5302610361017288,0.021675110096111894,0.19842687249183655,0.0,0.0,0.0
47,improved_right,1,0.22522498667240143,0.0,0.0,0.0,0.19856362836435437,0.019856362836435437,0.12336833775043488,0.0,0.0,0.0
48,improved_right,1,0.15644609928131104,0.0,0.0,0.0,0.09904032573103905,0.009904032573103905,0.12100532650947571,0.0,0.0,0.0
49,improved_right,1,0.1691606044769287,0.0,0.0,0.0,0.1743525803089141,0.010370895266532898,0.11084090173244476,0.0,0.0,0.0
50,improved_right,1,0.12788993120193481,0.0,0.0,0.0,0.10940093547105789,0.01094009354710579,0.11415980756282806,0.0,0.0,0.0
51,improved_right,1,0.18069912493228912,0.0,0.0,0.0,0.46328133274801075,0.031571406056173146,0.22056229412555695,0.0,0.0,0.049189090728759766
52,improved_right,1,0.16834305226802826,0.0,0.0,0.0,0.2520286664366722,0.02520286664366722,0.21814343333244324,0.0,0.0,0.0
53,improved_right,1,0.17125074565410614,0.0,0.0,0.0,0.18036169931292534,0.018036169931292534,0.2088087797164917,0.0,0.0,0.0
54,improved_right,1,0.13687434792518616,0.0,0.0,0.0,0.20049403421580791,0.02004940342158079,0.1644398719072342,0.0,0.0,0.0
55,improved_right,1,0.13967901468276978,0.0,0.0,0.0,0.15779608860611916,0.015779608860611916,0.15588532388210297,0.0,0.0,0.0
56,improved_right,1,0.16956430673599243,0.0,0.0,0.0,0.22968275588937104,0.022968275588937104,0.2416393756866455,0.0,0.0,0.0
57,improved_right,1,0.1413097232580185,0.0,0.0,0.0,0.10480728931725025,0.010480728931725025,0.13282015919685364,0.0,0.0,0.0
58,improved_right,1,0.14537519216537476,0.0,0.0,0.0,0.22210049675777555,0.022210049675777555,0.20209816098213196,0.0,0.0,0.0
59,improved_right,1,0.2073356956243515,0.0,0.0,0.0,0.9445617631077765,0.04813915863633156,0.33241352438926697,0.0,0.0,0.0
60,improved_right,1,0.22446374595165253,0.0,0.0,0.0,0.2342788130044937,0.02342788130044937,0.1800116002559662,0.0,0.0,0.0
61,improved_right,1,0.16002026200294495,0.0,0.0,0.0,0.1111889909952879,0.01111889909952879,0.09747155010700226,0.0,0.0,0.0
62,improved_right,1,0.14317941665649414,0.0,0.0,0.0,0.15546917915344238,0.015546917915344238,0.15712390840053558,0.0,0.0,0.0
63,improved_right,1,0.16175074875354767,0.0,0.0,0.0,0.11623869650065899,0.011623869650065899,0.12895996868610382,0.0,0.0,0.0
64,improved_right,1,0.17258502542972565,0.0,0.0,0.0,0.09506427682936192,0.009506427682936192,0.10830306261777878,0.0,0.0,0.0
65,improved_right,1,0.15685983002185822,0.0,0.0,0.0,0.125303715467453,0.0125303715467453,0.1176614761352539,0.0,0.0,0.0
66,improved_right,1,0.1728643774986267,0.0,0.0,0.0,0.2694545267149806,0.02694545267149806,0.16846898198127747,0.0,0.0,0.0
67,improved_right,1,0.12820565700531006,0.0,0.0,0.0,0.16550200060009956,0.016550200060009956,0.19801516830921173,0.0,0.0,0.0
68,improved_right,1,0.1623937338590622,0.0,0.0,0.0,0.28691729065030813,0.028691729065030813,0.21880801022052765,0.0,0.0,0.0
69,improved_right,1,0.16002225875854492,0.0,0.0,0.0,0.11118699796497822,0.011118699796497822,0.11358223110437393,0.0,0.0,0.0
70,improved_right,1,0.16528350114822388,0.0,0.0,0.0,0.29317588545382023,0.029317588545382023,0.20318001508712769,0.0,0.0,0.0
71,improved_right,1,0.1345573365688324,0.0,0.0,0.0,0.23527987310662857,0.01985810906626284,0.18396538496017456,0.0,0.0,0.0
72,improved_right,1,0.17855532467365265,0.0,0.0,0.0,0.15473071485757828,0.015473071485757828,0.16768814623355865,0.0,0.0,0.0
73,improved_right,1,0.17528168857097626,0.0,0.0,0.0,0.2599182166159153,0.02599182166159153,0.19693049788475037,0.0,0.0,0.0
74,improved_right,1,0.16828316450119019,0.0,0.0,0.0,0.12673389166593552,0.012673389166593552,0.15009398758411407,0.0,0.0,0.0
75,improved_right,1,0.16861334443092346,0.0,0.0,0.0,0.16994081437587738,0.016994081437587738,0.16892528533935547,0.0,0.0,0.0
76,improved_right,1,0.20099222660064697,0.0,0.0,0.0,0.3479698214679955,0.03339795861393213,0.33139902353286743,0.0,0.0,0.0
77,improved_right,1,0.1760229766368866,0.0,0.0,0.0,0.6359624952077867,0.02621106058359146,0.23047912120819092,0.0,0.0,0.0
78,improved_right,1,0.17474649846553802,0.0,0.0,0.0,0.5945313187316059,0.04727963777258992,0.24155904352664948,0.0,0.0,0.0
79,improved_right,1,0.21812811493873596,0.0,0.0,0.0,0.15594269149005413,0.015594269149005413,0.1063602939248085,0.0,0.0,0.0
80,improved_right,1,0.12946759164333344,0.0,0.0,0.0,0.11954417452216148,0.011954417452216148,0.11783503741025925,0.0,0.0,0.0
81,improved_right,1,0.14500541985034943,0.0,0.0,0.0,0.15200444273650637,0.013875680975615978,0.1508963406085968,0.0,0.0,0.0
82,improved_right,1,0.1770763248205185,0.0,0.0,0.0,0.34740978851914406,0.034740978851914406,0.22407269477844238,0.0,0.0,0.0
83,improved_right,1,0.13331545889377594,0.0,0.0,0.0,0.15880659222602844,0.015880659222602844,0.17681072652339935,0.0,0.0,0.0
84,improved_right,1,0.2045048177242279,0.0,0.0,0.0,0.13835509307682514,0.013835509307682514,0.11596513539552689,0.0,0.0,0.0
85,improved_right,1,0.174244686961174,0.0,0.0,0.0,0.301652355119586,0.0301652355119586,0.19323867559432983,0.0,0.0,0.0
86,improved_right,1,0.15391691029071808,0.0,0.0,0.0,0.41824468653649083,0.02856918005272746,0.20375706255435944,0.0,0.0,0.0
87,improved_right,1,0.18363095819950104,0.0,0.0,0.0,0.2467401186004281,0.02467401186004281,0.19261899590492249,0.0,0.0,0.0
88,improved_right,1,0.14108668267726898,0.0,0.0,0.0,0.30478823008015743,0.01720645767636597,0.19372344017028809,0.0,0.0,0.0
89,improved_right,1,0.16594932973384857,0.0,0.0,0.0,0.27254790998995304,0.027254790998995304,0.2150835245847702,0.0,0.0,0.0
90,improved_right,1,0.13520003855228424,0.0,0.0,0.0,0.11921364590525618,0.008934659883379936,0.09351978451013565,0.0,0.0,0.0
91,improved_right,1,0.14617684483528137,0.0,0.0,0.0,0.1366846263408661,0.013668462634086609,0.12419307976961136,0.0,0.0,0.0
92,improved_right,1,0.17022322118282318,0.0,0.0,0.0,0.1012727152556181,0.01012727152556181,0.09594981372356415,0.0,0.0,0.0
93,improved_right,1,0.1612597554922104,0.0,0.0,0.0,0.22331094136461616,0.022331094136461616,0.18964730203151703,0.0,0.0,0.0
94,improved_right,1,0.16570384800434113,0.0,0.0,0.0,0.12630158104002476,0.012630158104002476,0.14646494388580322,0.0,0.0,0.0
95,improved_right,1,0.19001024961471558,0.0,0.0,0.0,0.11640629731118679,0.011640629731118679,0.11533833295106888,0.0,0.0,0.0
96,improved_right,1,0.20426471531391144,0.0,0.0,0.0,0.31946249306201935,0.031946249306201935,0.2082454413175583,0.0,0.0,0.0
97,improved_right,1,0.1763830929994583,0.0,0.0,0.0,0.10612329468131065,0.010612329468131065,0.0915578082203865,0.0,0.0,0.0
98,improved_right,1,0.23312059044837952,0.0,0.0,0.0,0.46305373385548576,0.04445311613380909,0.3318522572517395,0.0,0.0,0.0
99,improved_right,1,0.1562749743461609,0.0,0.0,0.0,0.14540820382535458,0.014540820382535458,0.1410917490720749,0.0,0.0,0.0
100,improved_right,1,0.1706906110048294,0.0,0.0,0.0,0.244065064471215,0.0244065064471215,0.20548056066036224,0.0,0.0,0.0
101,improved_right,1,0.18657872080802917,0.0,0.0,0.0,0.15550017356872559,0.015550017356872559,0.11514315009117126,0.0,0.0,0.0
102,improved_right,1,0.1718515306711197,0.0,0.0,0.0,0.3244541771709919,0.03244541771709919,0.19951117038726807,0.0,0.0,0.0
103,improved_right,1,0.18044984340667725,0.0,0.0,0.0,0.3279820201918482,0.02716442523524165,0.1738731861114502,0.0,0.0,0.0
104,improved_right,1,0.19027180969715118,0.0,0.0,0.0,0.3010845463722944,0.030108454637229443,0.23877859115600586,0.0,0.0,0.0
105,improved_right,1,0.14038100838661194,0.0,0.0,0.0,0.13367574661970139,0.013367574661970139,0.13795824348926544,0.0,0.0,0.0
106,improved_right,1,0.17719878256320953,0.0,0.0,0.0,0.14692035503685474,0.014692035503685474,0.12903332710266113,0.0,0.0,0.0
107,improved_right,1,0.13824765384197235,0.0,0.0,0.0,0.5104222564208614,0.01559438882577524,0.15084104239940643,0.0,0.0,0.0
108,improved_right,1,0.15536989271640778,0.0,0.0,0.0,0.4812677224166692,0.026392317609861493,0.19385068118572235,0.0,0.0,0.0
109,improved_right,1,0.16860178112983704,0.0,0.0,0.0,0.13416942209005356,0.013416942209005356,0.12708024680614471,0.0,0.0,0.0
110,improved_right,1,0.16158412396907806,0.0,0.0,0.0,0.17820613458752632,0.017820613458752632,0.176513671875,0.0,0.0,0.0
111,improved_right,1,0.1863613873720169,0.0,0.0,0.0,0.32885852735489607,0.03288585273548961,0.21113356947898865,0.0,0.0,0.0
112,improved_right,1,0.19268234074115753,0.0,0.0,0.0,0.13643143698573112,0.013643143698573112,0.1103544682264328,0.0,0.0,0.0
113,improved_right,1,0.1597898155450821,0.0,0.0,0.0,0.1526022981852293,0.01526022981852293,0.15318511426448822,0.0,0.0,0.0
114,improved_right,1,0.19328849017620087,0.0,0.0,0.0,0.24209805065765977,0.024209805065765977,0.1701473593711853,0.0,0.0,0.0
115,improved_right,1,0.18400226533412933,0.0,0.0,0.0,0.17506664618849754,0.017506664618849754,0.1475827693939209,0.0,0.0,0.0
116,improved_right,1,0.137619748711586,0.0,0.0,0.0,0.11467423290014267,0.011467423290014267,0.11024262756109238,0.0,0.0,0.0
117,improved_right,1,0.15102779865264893,0.0,0.0,0.0,0.1358185313642024,0.012675037607550621,0.1114521473646164,0.0,0.0,0.0
118,improved_right,1,0.18683883547782898,0.0,0.0,0.0,0.5022819060832262,0.05022819060832262,0.2739351689815521,0.0,0.0,0.0
119,improved_right,1,0.17336025834083557,0.0,0.0,0.0,0.14232510700821877,0.014232510700821877,0.11688751727342606,0.0,0.0,0.0
120,improved_right,1,0.1558743417263031,0.0,0.0,0.0,0.11280309408903122,0.011280309408903122,0.12101749330759048,0.0,0.0,0.0
121,improved_right,1,0.1647154837846756,0.0,0.0,0.0,0.20858811447396874,0.020858811447396874,0.16830311715602875,0.0,0.0,0.0
122,improved_right,1,0.14323842525482178,0.0,0.0,0.0,0.7398436307907106,0.01844918727874756,0.20017093420028687,0.0,0.0,0.0
123,improved_right,1,0.1295972615480423,0.0,0.0,0.0,0.21561734154820433,0.016737820580601692,0.18609873950481415,0.0,0.0,0.0
124,improved_right,1,0.19539852440357208,0.0,0.0,0.0,0.18516147509217262,0.018516147509217262,0.16593633592128754,0.0,0.0,0.0
125,improved_right,1,0.1346881091594696,0.0,0.0,0.0,0.15655951350927344,0.010498788207769394,0.10525770485401154,0.0,0.0,0.0
126,improved_right,1,0.15237675607204437,0.0,0.0,0.0,0.13250546529889107,0.013250546529889107,0.11626789718866348,0.0,0.0,0.0
127,improved_right,1,0.13657936453819275,0.0,0.0,0.0,0.1732846163213253,0.01732846163213253,0.1814662516117096,0.0,0.0,0.0
128,improved_right,1,0.2568266987800598,0.0,0.0,0.0,0.7618185089901088,0.054005489218980074,0.3318527638912201,0.0,0.0,0.0
129,improved_right,1,0.15197545289993286,0.0,0.0,0.0,0.1824793592095375,0.01824793592095375,0.13449828326702118,0.0,0.0,0.0
130,improved_right,1,0.14022961258888245,0.0,0.0,0.0,0.09092968888580799,0.009092968888580799,0.10439841449260712,0.0,0.0,0.0
131,improved_right,1,0.13759168982505798,0.0,0.0,0.0,0.1384206023067236,0.01384206023067236,0.1521930992603302,0.0,0.0,0.0
132,improved_right,1,0.17634636163711548,0.0,0.0,0.0,0.2714019373524934,0.02714019373524934,0.19048017263412476,0.0,0.0,0.0
133,improved_right,1,0.19883227348327637,0.0,0.0,0.0,0.12266957201063633,0.012266957201063633,0.09901539236307144,0.0,0.0,0.0
134,improved_right,1,0.18518228828907013,0.0,0.0,0.0,0.2592387655749917,0.02592387655749917,0.18456009030342102,0.0,0.0,0.0
135,improved_right,1,0.1590736359357834,0.0,0.0,0.0,0.46168759241700164,0.027359450235962868,0.19377712905406952,0.0,0.0,0.0
136,improved_right,1,0.14031733572483063,0.0,0.0,0.0,1.0026607844978572,0.032553703524172306,0.24497969448566437,0.0,0.0,0.0
137,improved_right,1,0.14408014714717865,0.0,0.0,0.0,0.20412795012816787,0.020412795012816787,0.18100525438785553,0.0,0.0,0.0
138,improved_right,1,0.1473056524991989,0.0,0.0,0.0,0.2352324454113841,0.02352324454113841,0.20271050930023193,0.0,0.0,0.0
139,improved_right,1,0.1625693142414093,0.0,0.0,0.0,0.1276138424873352,0.01276138424873352,0.11181683838367462,0.0,0.0,0.0
140,improved_right,1,0.13670629262924194,0.0,0.0,0.0,0.1304487232118845,0.01304487232118845,0.15412519872188568,0.0,0.0,0.0
141,improved_right,1,0.1722942441701889,0.0,0.0,0.0,0.2697186544537544,0.026971865445375443,0.18152447044849396,0.0,0.0,0.0
142,improved_right,1,0.22062206268310547,0.0,0.0,0.0,0.12170126661658287,0.012170126661658287,0.108770951628685,0.0,0.0,0.0
143,improved_right,1,0.1747901886701584,0.0,0.0,0.0,0.27518056333065033,0.027518056333065033,0.20947864651679993,0.0,0.0,0.0
144,improved_right,1,0.13345594704151154,0.0,0.0,0.0,0.10562367737293243,0.010562367737293243,0.1035788357257843,0.0,0.0,0.0
145,improved_right,1,0.12734045088291168,0.0,0.0,0.0,0.20777862053364515,0.020777862053364515,0.1542186141014099,0.0,0.0,0.0
146,improved_right,1,0.15286245942115784,0.0,0.0,0.0,0.15904191881418228,0.015904191881418228,0.16933487355709076,0.0,0.0,0.0
147,improved_right,1,0.18516413867473602,0.0,0.0,0.0,0.23990783384069791,0.020871294429525733,0.1530897468328476,0.0,0.0,0.0
148,improved_right,1,0.1528611183166504,0.0,0.0,0.0,0.09293701499700546,0.009293701499700546,0.10151935368776321,0.0,0.0,0.0
149,improved_right,1,0.18366506695747375,0.0,0.0,0.0,0.16054881736636162,0.016054881736636162,0.1647607535123825,0.0,0.0,0.0
150,improved_right,1,0.1714373677968979,0.0,0.0,0.0,0.1541746687144041,0.01541746687144041,0.18880592286586761,0.0,0.0,0.0
151,improved_right,1,0.1659451425075531,0.0,0.0,0.0,0.14398854225873947,0.014398854225873947,0.18851688504219055,0.0,0.0,0.0
152,improved_right,1,0.16671711206436157,0.0,0.0,0.0,0.22367912577465177,0.022367912577465177,0.16960632801055908,0.0,0.0,0.0
153,improved_right,1,0.14863300323486328,0.0,0.0,0.0,0.19539980404078977,0.010861094109714031,0.10997983068227768,0.0,0.0,0.0
154,improved_right,1,0.12632359564304352,0.0,0.0,0.0,0.23207307773409402,0.021513561921892688,0.21215951442718506,0.0,0.0,0.0
155,improved_right,1,0.19223396480083466,0.0,0.0,0.0,0.10657137259840965,0.010657137259840965,0.10361011326313019,0.0,0.0,0.0
156,improved_right,1,0.13772977888584137,0.0,0.0,0.0,0.11485261842608452,0.011485261842608452,0.12053562700748444,0.0,0.0,0.0
157,improved_right,1,0.14012466371059418,0.0,0.0,0.0,0.13175169937312603,0.013175169937312603,0.16099196672439575,0.0,0.0,0.0
158,improved_right,1,0.13912415504455566,0.0,0.0,0.0,0.1407344453036785,0.014073444530367851,0.18529264628887177,0.0,0.0,0.0
159,improved_right,1,0.15103653073310852,0.0,0.0,0.0,0.11769108474254608,0.011769108474254608,0.10669194906949997,0.0,0.0,0.0
160,improved_right,1,0.16750021278858185,0.0,0.0,0.0,0.1394404098391533,0.013944040983915329,0.15106327831745148,0.0,0.0,0.0
161,improved_right,1,0.1221928521990776,0.0,0.0,0.0,0.1862151501700282,0.01862151501700282,0.19704248011112213,0.0,0.0,0.0
162,improved_right,1,0.19726206362247467,0.0,0.0,0.0,0.14907469041645527,0.014907469041645527,0.12382301688194275,0.0,0.0,0.0
163,improved_right,1,0.15652357041835785,0.0,0.0,0.0,0.12035614810883999,0.012035614810883999,0.1343463808298111,0.0,0.0,0.0
164,improved_right,1,0.14196619391441345,0.0,0.0,0.0,0.18923627212643623,0.018923627212643623,0.1948150396347046,0.0,0.0,0.0
165,improved_right,1,0.15420575439929962,0.0,0.0,0.0,0.12058681808412075,0.012058681808412075,0.11104682087898254,0.0,0.0,0.0
166,improved_right,1,0.14244015514850616,0.0,0.0,0.0,0.22722396533936262,0.022722396533936262,0.1804383248090744,0.0,0.0,0.0
167,improved_right,1,0.1406095325946808,0.0,0.0,0.0,0.12487047351896763,0.012487047351896763,0.14264953136444092,0.0,0.0,0.0
168,improved_right,1,0.13057087361812592,0.0,0.0,0.0,0.1544273529201745,0.015011073090136051,0.16739711165428162,0.0,0.0,0.0
169,improved_right,1,0.1614934653043747,0.0,0.0,0.0,0.27993373572826385,0.027993373572826385,0.20277465879917145,0.0,0.0,0.0
170,improved_right,1,0.23557238280773163,0.0,0.0,0.0,0.4740006182342765,0.032791019417345524,0.33161231875419617,0.0,0.0,0.0
171,improved_right,1,0.14863339066505432,0.0,0.0,0.0,0.16813857480883598,0.0168138574808836,0.1730804294347763,0.0,0.0,0.0
172,improved_right,1,0.21610113978385925,0.0,0.0,0.0,0.10399298742413521,0.01039929874241352,0.08101781457662582,0.0,0.0,0.0
173,improved_right,1,0.21656456589698792,0.0,0.0,0.0,0.2854333817958832,0.028543338179588318,0.19368723034858704,0.0,0.0,0.0
174,improved_right,1,0.20919515192508698,0.0,0.0,0.0,0.5276321694254875,0.032996516674757004,0.22078946232795715,0.0,0.0,0.06588900089263916
175,improved_right,1,0.18807511031627655,0.0,0.0,0.0,0.3170307202730327,0.02463000698480755,0.16942399740219116,0.0,0.0,0.0
176,improved_right,1,0.19703730940818787,0.0,0.0,0.0,0.3262586402706802,0.03262586402706802,0.23406429588794708,0.0,0.0,0.0
177,improved_right,1,0.15030691027641296,0.0,0.0,0.0,0.1425691321492195,0.014256913214921951,0.1336599737405777,0.0,0.0,0.0
178,improved_right,1,0.17439070343971252,0.0,0.0,0.0,0.1472407765686512,0.01472407765686512,0.15694023668766022,0.0,0.0,0.0
179,improved_right,1,0.17070813477039337,0.0,0.0,0.0,0.11658831499516964,0.011658831499516964,0.09965094923973083,0.0,0.0,0.0
180,improved_right,1,0.16979841887950897,0.0,0.0,0.0,0.405149357020855,0.018046092242002487,0.1515868455171585,0.0,0.0,0.0
181,improved_right,1,0.19997917115688324,0.0,0.0,0.0,0.26622192934155464,0.026622192934155464,0.17432990670204163,0.0,0.0,0.0
182,improved_right,1,0.13572043180465698,0.0,0.0,0.0,0.10434344410896301,0.010434344410896301,0.11123373359441757,0.0,0.0,0.0
183,improved_right,1,0.15668514370918274,0.0,0.0,0.0,0.112525699660182,0.0112525699660182,0.13716749846935272,0.0,0.0,0.0
184,improved_right,1,0.16911646723747253,0.0,0.0,0.0,0.2013840852305293,0.02013840852305293,0.13587352633476257,0.0,0.0,0.0
185,improved_right,1,0.1466159224510193,0.0,0.0,0.0,0.1968336704885587,0.01968336704885587,0.16959291696548462,0.0,0.0,0.0
186,improved_right,1,0.1681315153837204,0.0,0.0,0.0,0.1775870844721794,0.01775870844721794,0.1467728167772293,0.0,0.0,0.0
187,improved_right,1,0.1578037291765213,0.0,0.0,0.0,0.09164050221443176,0.009164050221443176,0.09435384720563889,0.0,0.0,0.0
188,improved_right,1,0.19796288013458252,0.0,0.0,0.0,0.0897744923713617,0.00897744923713617,0.08748847991228104,0.0,0.0,0.0
189,improved_right,1,0.2076789289712906,0.0,0.0,0.0,0.18915465334430337,0.018915465334430337,0.12478276342153549,0.0,0.0,0.0
190,improved_right,1,0.17863935232162476,0.0,0.0,0.0,0.13884318061172962,0.013884318061172962,0.13307344913482666,0.0,0.0,0.0
191,improved_right,1,0.17135785520076752,0.0,0.0,0.0,0.3522490594536065,0.027488083578646183,0.18973617255687714,0.0,0.0,0.0
192,improved_right,1,0.16290490329265594,0.0,0.0,0.0,0.0953533744905144,0.00953533744905144,0.08398207277059555,0.0,0.0,0.0
193,improved_right,1,0.17950382828712463,0.0,0.0,0.0,0.1704295352101326,0.01704295352101326,0.17601251602172852,0.0,0.0,0.0
194,improved_right,1,0.14734718203544617,0.0,0.0,0.0,0.15528555214405076,0.01527455449104309,0.168454110622406,0.0,0.0,0.0
195,improved_right,1,0.17626062035560608,0.0,0.0,0.0,0.4589884677901865,0.017916931305080652,0.12872372567653656,0.0,0.0,0.0
196,improved_right,1,0.1873728185892105,0.0,0.0,0.0,0.13398651964962482,0.013398651964962482,0.10010227560997009,0.0,0.0,0.0
197,improved_right,1,0.15197210013866425,0.01747271604835987,0.01747271604835987,1.0,0.6921960436156951,0.021041642205091193,0.14806465804576874,0.0,0.0002870403986889869,0.15867960453033447
198,improved_right,1,0.18138496577739716,0.0,0.0,0.0,0.29063027128577223,0.026648929342627525,0.23325355350971222,0.0,0.0,0.0
199,improved_right,1,0.17413093149662018,0.0,0.0,0.0,0.2651471341960132,0.02651471341960132,0.19536881148815155,0.0,0.0,0.0
0,baseline_right,1,0.1519443839788437,0.0,0.0,0.0,0.0585230253636837,0.00585230253636837,0.07813823968172073,0.0,0.0,0.0
1,baseline_right,1,0.21944308280944824,0.0,0.0,0.0,0.5183470815420149,0.04618813842535019,0.3356465697288513,0.0,0.0,0.0
2,baseline_right,1,0.18767741322517395,0.0,0.0,0.0,0.10159450583159924,0.010159450583159924,0.08639571815729141,0.0,0.0,0.0
3,baseline_right,1,0.1931820809841156,0.0,0.0,0.0,0.3991220869123935,0.0349289420992136,0.22593224048614502,0.0,0.0,0.0
4,baseline_right,1,0.21026957035064697,0.0,0.0,0.0,0.29099663719534874,0.029099663719534874,0.21985448896884918,0.0,0.0,0.0
5,baseline_right,1,0.20366926491260529,0.0,0.0,0.0,0.13982294127345085,0.013982294127345085,0.11563839763402939,0.0,0.0,0.0
6,baseline_right,1,0.2171357125043869,0.0,0.0,0.0,0.06656372454017401,0.006656372454017401,0.06855036318302155,0.0,0.0,0.0
7,baseline_right,1,0.2064991295337677,0.0,0.0,0.0,1.8013523464556784,0.0515724424039945,0.33630290627479553,0.0,0.0,0.0
8,baseline_right,1,0.19214455783367157,0.0,0.0,0.0,0.4697333656251429,0.044277435168623924,0.3326959013938904,0.0,0.0,0.0
9,baseline_right,1,0.26901113986968994,0.0,0.0,0.0,2.060291950032115,0.0631716875359416,0.33671149611473083,0.0,0.0,0.21003293991088867
10,baseline_right,1,0.19287556409835815,0.0,0.0,0.0,0.05562364123761654,0.005562364123761654,0.056568410247564316,0.0,0.0,0.0
11,baseline_right,1,0.17536212503910065,0.0,0.0,0.0,0.14931272715330124,0.014931272715330124,0.12718988955020905,0.0,0.0,0.0
12,baseline_right,1,0.2555047273635864,0.0,0.0,0.0,0.9711547013372182,0.06362794246524572,0.3334757089614868,0.0,0.0,0.0
13,baseline_right,1,0.1750790923833847,0.0,0.0,0.0,1.2113760815467687,0.045253898366354406,0.32165998220443726,0.0,0.0,0.0
14,baseline_right,1,0.21057860553264618,0.043324388563632965,0.043324388563632965,1.0,0.8406521522440016,0.05392957362346351,0.33166036009788513,0.0,0.0010507188271731138,0.0
15,baseline_right,1,0.1510358303785324,0.0,0.0,0.0,0.09279000572860241,0.009279000572860241,0.1058889627456665,0.0,0.0,0.0
16,baseline_right,1,0.15160664916038513,0.6017653942108154,0.6017653942108154,1.0,0.36309628980234265,0.03012784174643457,0.09249483048915863,0.0,0.003090893616899848,0.0
17,baseline_right,1,0.21676495671272278,0.0,0.0,0.0,0.23131077352445573,0.023131077352445573,0.16099803149700165,0.0,0.0,0.0
18,baseline_right,1,0.1793346405029297,0.0,0.0,0.0,1.0698889304418118,0.04527449805755168,0.33482134342193604,0.0,0.0,0.0
19,baseline_right,1,0.17071349918842316,0.0,0.0,0.0,0.11018622666597366,0.011018622666597366,0.11392223089933395,0.0,0.0,0.0
20,baseline_right,1,0.1749359667301178,0.0,0.0,0.0,0.9901623877231034,0.0873589605325833,0.32450369000434875,0.0,0.0,0.0
21,baseline_right,1,0.21272549033164978,0.0,0.0,0.0,0.05445771384984255,0.005445771384984255,0.0681987851858139,0.0,0.0,0.0
22,baseline_right,1,0.19083330035209656,0.0,0.0,0.0,0.0488533079624176,0.00488533079624176,0.06949218362569809,0.0,0.0,0.0
23,baseline_right,1,0.20573914051055908,0.0,0.0,0.0,1.0544231466948986,0.059564514085650444,0.3318408727645874,0.0,0.0,0.0
24,baseline_right,1,0.16101761162281036,0.24025927484035492,0.24025927484035492,1.0,0.48267278354614973,0.04189869947731495,0.17480655014514923,0.0,0.003184289438650012,0.0
25,baseline_right,1,0.22547222673892975,0.0,0.0,0.0,0.13726353645324707,0.013726353645324707,0.08768117427825928,0.0,0.0,0.0
26,baseline_right,1,0.19345013797283173,0.0,0.0,0.0,0.27991777565330306,0.006009989883750677,0.04976312071084976,0.0,0.0,0.0
27,baseline_right,1,0.20469748973846436,0.0,0.0,0.0,0.0675366260111332,0.006753662601113319,0.06315035372972488,0.0,0.0,0.0
28,baseline_right,1,0.16584078967571259,0.0,0.0,0.0,0.22865255549550073,0.008352430537343025,0.11319401115179062,0.0,0.0,0.0
29,baseline_right,1,0.20203596353530884,0.0,0.0,0.0,0.06864450871944427,0.0068644508719444275,0.1023021936416626,0.0,0.0,0.0
30,baseline_right,1,0.1976747065782547,0.0,0.0,0.0,0.05060470663011074,0.005060470663011074,0.05573511868715286,0.0,0.0,0.0
31,baseline_right,1,0.25572165846824646,0.0,0.0,0.0,0.6340147562324999,0.06089312024414539,0.3325083553791046,0.0,0.0,0.0
32,baseline_right,1,0.15002889931201935,0.21486973762512207,0.21486973762512207,1.0,2.428377777896822,0.06606920855119824,0.26731255650520325,0.0,0.005569385830312967,0.0
33,baseline_right,1,0.21932119131088257,0.0,0.0,0.0,1.4479196494445206,0.04264172678813338,0.3334830403327942,0.0,0.0,0.0
34,baseline_right,1,0.16599734127521515,0.0,0.0,0.0,1.3202155408449472,0.057608501287177205,0.330510675907135,0.0,0.0,0.0
35,baseline_right,1,0.2298659235239029,0.0,0.0,0.0,0.4772527003660798,0.04772527003660798,0.3132394254207611,0.0,0.0,0.0
36,baseline_right,1,0.2436651736497879,0.0,0.0,0.0,0.08888618089258671,0.00888861808925867,0.07736967504024506,0.0,0.0,0.0
37,baseline_right,1,0.1923261135816574,0.0,0.0,0.0,1.5222480338066817,0.04876525979489088,0.33344316482543945,0.0,0.0,0.0
38,baseline_right,1,0.21054068207740784,0.0,0.0,0.0,1.2567385002970697,0.05272802338004112,0.32621049880981445,0.0,0.0,0.0
39,baseline_right,1,0.1759011149406433,0.0,0.0,0.0,1.3728944029659034,0.04834666755050421,0.3304283618927002,0.0,0.0,0.0
40,baseline_right,1,0.12983274459838867,0.0,0.0,0.0,0.07185972295701504,0.007185972295701504,0.14411771297454834,0.0,0.0,0.0
41,baseline_right,1,0.18683096766471863,0.0,0.0,0.0,0.2668999880552292,0.02668999880552292,0.1685808002948761,0.0,0.0,0.0
42,baseline_right,1,0.1659303456544876,0.2881024479866028,0.2881024479866028,1.0,0.2486595732625574,0.02210017677862197,0.0775957852602005,0.0,0.0013828902738168836,0.0
43,baseline_right,1,0.2132236808538437,0.0,0.0,0.0,1.1227768570184706,0.08371031284332275,0.3303460478782654,0.0,0.0,0.0
44,baseline_right,1,0.21574446558952332,0.1985493302345276,0.1985493302345276,1.0,2.4321185160893948,0.07991698023397475,0.33685532212257385,0.0,0.007515757344663143,0.0
45,baseline_right,1,0.24353764951229095,0.37665966153144836,0.37665966153144836,1.0,0.825718935157056,0.06185569758963538,0.2448274791240692,0.0,0.010358097963035107,0.0
46,baseline_right,1,0.25899189710617065,0.0,0.0,0.0,1.4276897072792054,0.05224522948265076,0.3353266716003418,0.0,0.0,0.0
47,baseline_right,1,0.20233333110809326,0.0,0.0,0.0,0.8108150780200957,0.07523752748966217,0.3358439803123474,0.0,0.0,0.0
48,baseline_right,1,0.13357940316200256,0.0,0.0,0.0,0.10566309094429016,0.010566309094429016,0.10545837134122849,0.0,0.0,0.0
49,baseline_right,1,0.21826420724391937,0.0,0.0,0.0,0.08095331732183686,0.006482230965048075,0.10536070913076401,0.0,0.0,0.0
50,baseline_right,1,0.16749371588230133,0.0,0.0,0.0,0.07197808474302292,0.007197808474302292,0.0878458321094513,0.0,0.0,0.0
51,baseline_right,1,0.18901513516902924,0.032724298536777496,0.032724298536777496,1.0,0.8716319582774303,0.03459639518405311,0.33267244696617126,0.0,0.0009034998365677893,0.0
52,baseline_right,1,0.1730036586523056,0.09099283814430237,0.09099283814430237,1.0,0.3746793578378857,0.02255445090122521,0.14947164058685303,0.0,0.0015341935213655233,0.0
53,baseline_right,1,0.19454503059387207,0.0,0.0,0.0,0.09455093182623386,0.009455093182623386,0.1274150013923645,0.0,0.0,0.0
54,baseline_right,1,0.16138894855976105,0.0,0.0,0.0,1.2393624618649484,0.03701557591557503,0.3309474289417267,0.0,0.0,0.0
55,baseline_right,1,0.19005033373832703,0.28809601068496704,0.28809601068496704,1.0,1.9629929350689055,0.03671948006376624,0.16857445240020752,0.0,0.005733597557991743,0.0
56,baseline_right,1,0.20695604383945465,0.07367958873510361,0.07367958873510361,1.0,1.5449372029863297,0.09528110292740166,0.335882306098938,0.0,0.0036170363891869783,0.0
57,baseline_right,1,0.17816758155822754,0.0,0.0,0.0,0.09759609354659915,0.009759609354659915,0.10045160353183746,0.0,0.0,0.0
58,baseline_right,1,0.2219436913728714,0.391294926404953,0.391294926404953,1.0,1.4028540622442962,0.08594630006700754,0.31454071402549744,0.0,0.011577912606298923,0.0
59,baseline_right,1,0.2831929624080658,0.04105689004063606,0.04105689004063606,1.0,1.5517277588602156,0.09165706776548177,0.3356894254684448,0.0,0.0017266987124457955,0.0
60,baseline_right,1,0.25570666790008545,0.0,0.0,0.0,1.464108294248581,0.046432606875896454,0.33166640996932983,0.0,0.0,0.0
61,baseline_right,1,0.22942325472831726,0.0,0.0,0.0,0.06797285284847021,0.006797285284847021,0.06316550821065903,0.0,0.0,0.0
62,baseline_right,1,0.1959362030029297,0.0,0.0,0.0,0.13577617472037673,0.013577617472037673,0.11028105020523071,0.0,0.0,0.0
63,baseline_right,1,0.22537975013256073,0.0,0.0,0.0,0.057697207666933537,0.005769720766693354,0.04721803590655327,0.0,0.0,0.0
64,baseline_right,1,0.24146327376365662,0.0,0.0,0.0,1.8693416755646468,0.044823179952800274,0.33315205574035645,0.0,0.0,0.0
65,baseline_right,1,0.20739217102527618,0.0,0.0,0.0,0.3047496750950815,0.009805936366319656,0.07938797771930695,0.0,0.0,0.0
66,baseline_right,1,0.2278505563735962,0.019208066165447235,0.019208066165447235,1.0,0.671966087538749,0.06529460730962455,0.3080296814441681,0.0,0.0009510007221251726,0.0
67,baseline_right,1,0.2001190483570099,0.0,0.0,0.0,0.05368456710129976,0.005368456710129976,0.09152854979038239,0.0,0.0,0.0
68,baseline_right,1,0.22573600709438324,0.0,0.0,0.0,1.1346758719533683,0.035949534736573696,0.33019304275512695,0.0,0.0,0.0
69,baseline_right,1,0.18749986588954926,0.0,0.0,0.0,0.04799995571374893,0.004799995571374893,0.12271734327077866,0.0,0.0,0.0
70,baseline_right,1,0.195288747549057,0.0,0.0,0.0,0.259441751986742,0.025944175198674202,0.2000352144241333,0.0,0.0,0.0
71,baseline_right,1,0.20327432453632355,0.0,0.0,0.0,0.7094996617175636,0.05885147140361369,0.3354889154434204,0.0,0.0,0.0
72,baseline_right,1,0.16543704271316528,0.22135545313358307,0.22135545313358307,1.0,0.619874307885766,0.04888804163783789,0.23382775485515594,0.0,0.006549694575369358,0.0
73,baseline_right,1,0.2056865394115448,0.31973108649253845,0.31973108649253845,1.0,1.52220854498446,0.0643752096220851,0.29187628626823425,0.0,0.009477882646024227,0.0
74,baseline_right,1,0.19730742275714874,0.1766585260629654,0.1766585260629654,1.0,0.09391312778461725,0.007606683939229697,0.09348023682832718,0.0,0.0008923144196160138,0.0
75,baseline_right,1,0.21006743609905243,0.0,0.0,0.0,0.09043629933148639,0.0053777252323925495,0.08232608437538147,0.0,0.0,0.0
76,baseline_right,1,0.18591785430908203,0.0,0.0,0.0,1.8223794842138887,0.06776590133085847,0.3319757282733917,0.0,0.0,0.0
77,baseline_right,1,0.462541788816452,0.4643385410308838,0.4643385410308838,1.0,0.8650494366884232,0.066817881539464,0.19561325013637543,0.0,0.00984353106468916,0.0
78,baseline_right,1,0.19439826905727386,0.22564774751663208,0.22564774751663208,1.0,1.0530335269868374,0.0860312394797802,0.3087531328201294,0.0,0.00963605660945177,0.0
79,baseline_right,1,0.1997346132993698,0.0,0.0,0.0,0.22572338115423918,0.022572338115423918,0.12311183661222458,0.0,0.0,0.0
80,baseline_right,1,0.17313304543495178,0.0,0.0,0.0,0.09786787442862988,0.009786787442862988,0.09511435776948929,0.0,0.0,0.0
81,baseline_right,1,0.18420636653900146,0.0,0.0,0.0,0.30048422515392303,0.030048422515392303,0.2145090103149414,0.0,0.0,0.0
82,baseline_right,1,0.2717699408531189,0.0,0.0,0.0,1.7011227183043958,0.0414877962321043,0.33571264147758484,0.0,0.0,0.0
83,baseline_right,1,0.15131215751171112,0.0,0.0,0.0,0.09768781252205372,0.009768781252205372,0.11957250535488129,0.0,0.0,0.0
84,baseline_right,1,0.15539471805095673,0.0,0.0,0.0,0.10213631205260754,0.010213631205260754,0.0880664512515068,0.0,0.0,0.0
85,baseline_right,1,0.1910194605588913,0.0,0.0,0.0,0.9153730243444441,0.0868581160902977,0.33467918634414673,0.0,0.0,0.0
86,baseline_right,1,0.22843962907791138,0.0,0.0,0.0,0.6862591483164576,0.06051419593859464,0.33787861466407776,0.0,0.0,0.0
87,baseline_right,1,0.2049553245306015,0.0,0.0,0.0,0.8447856426239013,0.04284384101629257,0.33206504583358765,0.0,0.0,0.12379240989685059
88,baseline_right,1,0.16212955117225647,0.0,0.0,0.0,1.4490853510797028,0.010785957798361778,0.14496518671512604,0.0,0.0,0.0
89,baseline_right,1,0.18102620542049408,0.024875516071915627,0.024875516071915627,1.0,1.1497693879297004,0.03725675429450348,0.33268842101097107,0.0,0.0008029703167267144,0.0
90,baseline_right,1,0.18006715178489685,0.0,0.0,0.0,0.2992250118404627,0.02992250118404627,0.18448388576507568,0.0,0.0,0.0
91,baseline_right,1,0.2104124128818512,0.0,0.0,0.0,0.08636331185698509,0.00863633118569851,0.08048336207866669,0.0,0.0,0.0
92,baseline_right,1,0.16556070744991302,0.0,0.0,0.0,0.10226202197372913,0.010226202197372913,0.1036955788731575,0.0,0.0,0.0
93,baseline_right,1,0.17481285333633423,0.0,0.0,0.0,1.2201712468871848,0.024917558825109154,0.2062334269285202,0.0,0.0,0.0
94,baseline_right,1,0.16510538756847382,0.0,0.0,0.0,0.0667637912556529,0.0066763791255652905,0.07573830336332321,0.0,0.0,0.0
95,baseline_right,1,0.20109304785728455,0.0,0.0,0.0,0.11920408345758915,0.011920408345758915,0.10998072475194931,0.0,0.0,0.0
96,baseline_right,1,0.15708571672439575,0.0,0.0,0.0,1.1951310383388773,0.04620144056389108,0.33305686712265015,0.0,0.0,0.0
97,baseline_right,1,0.1294192522764206,0.0,0.0,0.0,0.3371114656329155,0.03371114656329155,0.25243914127349854,0.0,0.0,0.0
98,baseline_right,1,0.24445033073425293,0.0,0.0,0.0,0.7495088370516895,0.0696197715587914,0.33533111214637756,0.0,0.0,0.0
99,baseline_right,1,0.14668604731559753,0.0,0.0,0.0,0.1532039903104307,0.014901375398039818,0.1602317988872528,0.0,0.0,0.0
100,baseline_right,1,0.1719522625207901,0.35713931918144226,0.35713931918144226,1.0,2.0309547431766988,0.0652567408978939,0.33317139744758606,0.0,0.009488123469054699,0.0
101,baseline_right,1,0.21143421530723572,0.0,0.0,0.0,0.06392848212271929,0.006392848212271929,0.055252112448215485,0.0,0.0,0.0
102,baseline_right,1,0.15744759142398834,0.0,0.0,0.0,1.7917854242026807,0.016107095405459404,0.17386989295482635,0.0,0.0,0.0
103,baseline_right,1,0.1962905377149582,0.0,0.0,0.0,0.7893330606631934,0.05859435233287513,0.33455967903137207,0.0,0.0,0.0
104,baseline_right,1,0.25910136103630066,0.08268527686595917,0.08268527686595917,1.0,1.1315987779758867,0.09933713008649647,0.3335241675376892,0.0,0.002718766452744603,0.0
105,baseline_right,1,0.15260988473892212,0.0,0.0,0.0,0.06204077508300543,0.006204077508300543,0.06974536180496216,0.0,0.0,0.0
106,baseline_right,1,0.15987572073936462,0.02380143292248249,0.02380143292248249,1.0,0.695756169897504,0.06277444207808003,0.33485132455825806,0.0,0.0009749251767061651,0.0
107,baseline_right,1,0.16671279072761536,0.05691273510456085,0.05691273510456085,1.0,1.7288504780386575,0.07932776617235504,0.33417654037475586,0.0,0.0020050104649271816,0.0
108,baseline_right,1,0.16354955732822418,0.0,0.0,0.0,1.4267466213554145,0.033737546764314175,0.23632484674453735,0.0,0.0,0.0
109,baseline_right,1,0.16237807273864746,0.0,0.0,0.0,0.09915947644913103,0.009915947644913103,0.0888628289103508,0.0,0.0,0.0
110,baseline_right,1,0.19309328496456146,0.0,0.0,0.0,0.0916527584195137,0.00916527584195137,0.12010962516069412,0.0,0.0,0.0
111,baseline_right,1,0.2383671998977661,0.09057045727968216,0.09057045727968216,1.0,2.3120765336439946,0.08148684675688855,0.3333943784236908,0.0,0.0031888768717180938,0.0
112,baseline_right,1,0.14829088747501373,0.0,0.0,0.0,0.1820868020877242,0.01820868020877242,0.17797744274139404,0.0,0.0,0.0
113,baseline_right,1,0.20335949957370758,0.0,0.0,0.0,0.10256868787109852,0.010256868787109852,0.08691486716270447,0.0,0.0,0.0
114,baseline_right,1,0.2727566957473755,0.01691512018442154,0.01691512018442154,1.0,0.9027819395298137,0.08558461273787543,0.3334857225418091,0.0,0.0006039293366484344,0.0
115,baseline_right,1,0.18106499314308167,0.062239501625299454,0.062239501625299454,1.0,0.7375529665499925,0.039381150621920824,0.1936289668083191,0.0,0.001308951759710908,0.0
116,baseline_right,1,0.18009774386882782,0.0,0.0,0.0,0.1083142776042223,0.01083142776042223,0.09381453692913055,0.0,0.0,0.0
117,baseline_right,1,0.14941363036632538,0.0,0.0,0.0,0.0854305736720562,0.00854305736720562,0.13324694335460663,0.0,0.0,0.0
118,baseline_right,1,0.17501325905323029,0.33787816762924194,0.33787816762924194,1.0,0.9076332114636898,0.07279145531356335,0.2628757953643799,0.0,0.008985932916402817,0.0
119,baseline_right,1,0.17061951756477356,0.0,0.0,0.0,0.5164034701883793,0.042565325275063515,0.31348681449890137,0.0,0.0,0.030250072479248047
120,baseline_right,1,0.1875,0.0,0.0,0.0,0.06155696418136375,0.004800000693649054,0.07176194339990616,0.0,0.0,0.0
121,baseline_right,1,0.18365970253944397,0.0,0.0,0.0,0.31988006116298484,0.027949651957897004,0.19906248152256012,0.0,0.0,0.0
122,baseline_right,1,0.19578899443149567,0.189752995967865,0.189752995967865,1.0,1.0993471842259166,0.08895571995526552,0.3341596722602844,0.0,0.00840966310352087,0.0
123,baseline_right,1,0.1901332587003708,0.26047176122665405,0.26047176122665405,1.0,0.8818493155762552,0.055266635958105326,0.20977367460727692,0.0,0.0064588491804897785,0.0
124,baseline_right,1,0.2375970184803009,0.0,0.0,0.0,0.08986904285848141,0.00898690428584814,0.10043282806873322,0.0,0.0,0.0
125,baseline_right,1,0.19844356179237366,0.0,0.0,0.0,0.5356588734313844,0.0512724663130939,0.33229342103004456,0.0,0.0,0.0
126,baseline_right,1,0.18750005960464478,0.0,0.0,0.0,0.18498953618109243,0.004800000227987766,0.06319176405668259,0.0,0.0,0.0
127,baseline_right,1,0.2146620750427246,0.0,0.0,0.0,0.49417467787861824,0.049417467787861824,0.25191831588745117,0.0,0.0,0.0
128,baseline_right,1,0.2073686718940735,0.21749022603034973,0.21749022603034973,1.0,1.1701756296679378,0.106804424431175,0.25943002104759216,0.0,0.005106569267809391,0.0
129,baseline_right,1,0.16671690344810486,0.0,0.0,0.0,0.5323865179176207,0.044216471949766856,0.3334742784500122,0.0,0.0,0.0
130,baseline_right,1,0.1703370064496994,0.0,0.0,0.0,0.18772151321172714,0.018772151321172714,0.14980119466781616,0.0,0.0,0.0
131,baseline_right,1,0.16538752615451813,0.0,0.0,0.0,0.10334856808185577,0.010334856808185577,0.09595823287963867,0.0,0.0,0.0
132,baseline_right,1,0.2182857245206833,0.0,0.0,0.0,0.6153954729437827,0.03367268666625023,0.22322385013103485,0.0,0.0,0.0
133,baseline_right,1,0.17864251136779785,0.0,0.0,0.0,0.06343788001686335,0.006343788001686335,0.06770984828472137,0.0,0.0,0.0
134,baseline_right,1,0.18518218398094177,0.0,0.0,0.0,1.6680773422122006,0.03792295977473259,0.19576339423656464,0.0,0.0,0.0
135,baseline_right,1,0.16749191284179688,0.0,0.0,0.0,0.17215972300618887,0.017215972300618887,0.1665942370891571,0.0,0.0,0.0
136,baseline_right,1,0.16661903262138367,0.055449891835451126,0.055449891835451126,1.0,0.5700111691839993,0.053604630287736654,0.2645992636680603,0.0,0.0016982433153316379,0.0
137,baseline_right,1,0.22776749730110168,0.0,0.0,0.0,0.6913433313369752,0.03238971531391144,0.22087562084197998,0.0,0.0,0.0
138,baseline_right,1,0.19449879229068756,0.0,0.0,0.0,1.7269760870927713,0.04165311747783562,0.33105891942977905,0.0,0.0,0.0
139,baseline_right,1,0.2093454748392105,0.0,0.0,0.0,0.12575692456266552,0.012575692456266552,0.08357744663953781,0.0,0.0,0.0
140,baseline_right,1,0.20275093615055084,0.0,0.0,0.0,0.11845769546926038,0.008729874156415462,0.11349757760763168,0.0,0.0,0.0
141,baseline_right,1,0.17976124584674835,0.44914793968200684,0.44914793968200684,1.0,1.3256688141264021,0.07780990772880614,0.27744463086128235,0.0,0.01237819716334343,0.10000193119049072
142,baseline_right,1,0.16272443532943726,0.0,0.0,0.0,0.059096342884004116,0.005909634288400412,0.07344558835029602,0.0,0.0,0.0
143,baseline_right,1,0.1954958140850067,0.0,0.0,0.0,1.2194141820073132,0.04176812246441841,0.27197587490081787,0.0,0.0,0.0
144,baseline_right,1,0.16716647148132324,0.0,0.0,0.0,0.0695339310914278,0.00695339310914278,0.10697653144598007,0.0,0.0,0.0
145,baseline_right,1,0.21426674723625183,0.0,0.0,0.0,1.2298085090238602,0.03384794679004699,0.33285200595855713,0.0,0.0,0.0
146,baseline_right,1,0.16018755733966827,0.0,0.0,0.0,0.373422058299184,0.008521136827766895,0.13262753188610077,0.0,0.0,0.0
147,baseline_right,1,0.17850740253925323,0.0,0.0,0.0,0.20016154577024298,0.018963235546834767,0.17469137907028198,0.0,0.0,0.0
148,baseline_right,1,0.15107476711273193,0.0,0.0,0.0,0.1362246461212635,0.01362246461212635,0.1333874613046646,0.0,0.0,0.0
149,baseline_right,1,0.17088961601257324,0.0,0.0,0.0,1.8208462461829187,0.0378129743039608,0.2839512825012207,0.0,0.0,0.0
150,baseline_right,1,0.18519073724746704,0.0,0.0,0.0,0.05369539372622967,0.005369539372622967,0.0699426606297493,0.0,0.0,0.0
151,baseline_right,1,0.1554737389087677,0.0,0.0,0.0,0.12916221749037504,0.012916221749037504,0.11393507570028305,0.0,0.0,0.0
152,baseline_right,1,0.14585760235786438,0.0,0.0,0.0,0.6441108413040639,0.016287149861454964,0.1531740128993988,0.0,0.0,0.0
153,baseline_right,1,0.20902462303638458,0.08269903808832169,0.08269903808832169,1.0,1.3080971343442802,0.06805712589994073,0.30992835760116577,0.0,0.0037537668831646442,0.0
154,baseline_right,1,0.1311388909816742,0.0,0.0,0.0,0.8248282110318541,0.05502176797017455,0.3312106132507324,0.0,0.0,0.0
155,baseline_right,1,0.17196506261825562,0.0,0.0,0.0,0.09813201613724232,0.009813201613724232,0.0805419310927391,0.0,0.0,0.0
156,baseline_right,1,0.20965224504470825,0.0,0.0,0.0,0.13480205088853836,0.013480205088853836,0.10192552208900452,0.0,0.0,0.0
157,baseline_right,1,0.18390339612960815,1.0,1.0,1.0,0.4735284037888052,0.032828908413648605,0.1242734044790268,0.0,0.005013304762542248,0.0
158,baseline_right,1,0.20375144481658936,0.0,0.0,0.0,0.08743433281779289,0.00874343328177929,0.127924844622612,0.0,0.0,0.0
159,baseline_right,1,0.14090964198112488,0.0,0.0,0.0,0.15650270506739616,0.015650270506739616,0.15047016739845276,0.0,0.0,0.0
160,baseline_right,1,0.18015678226947784,0.0,0.0,0.0,0.26943832132965334,0.005287951324135065,0.10473112016916275,0.0,0.0,0.0
161,baseline_right,1,0.27643704414367676,0.11217138916254044,0.11217138916254044,1.0,0.7262937359511851,0.05904078297317028,0.3344634175300598,0.0,0.004562586545944214,0.0
162,baseline_right,1,0.1686249077320099,0.06317481398582458,0.06317481398582458,1.0,0.3006283696508036,0.01240692037390545,0.10139887034893036,0.0,0.0005429308512248099,0.0
163,baseline_right,1,0.21645121276378632,0.0,0.0,0.0,0.5935657676309347,0.05935657676309347,0.28363364934921265,0.0,0.0,0.0
164,baseline_right,1,0.25566449761390686,0.0,0.0,0.0,1.0032339304685594,0.030497536063194275,0.332580029964447,0.0,0.0,0.0
165,baseline_right,1,0.17945639789104462,0.0,0.0,0.0,0.09397970512509346,0.009397970512509346,0.09892125427722931,0.0,0.0,0.0
166,baseline_right,1,0.15328581631183624,0.0989496037364006,0.0989496037364006,1.0,0.475662947865203,0.04417952278163284,0.2278066873550415,0.0,0.0016933860024437308,0.0
167,baseline_right,1,0.18681380152702332,0.0,0.0,0.0,0.1583930174820125,0.01583930174820125,0.11380992084741592,0.0,0.0,0.0
168,baseline_right,1,0.18210609257221222,0.0,0.0,0.0,0.1393986097536981,0.013939860975369811,0.14164867997169495,0.0,0.0,0.0
169,baseline_right,1,0.1758371889591217,0.0,0.0,0.0,0.6728137111000249,0.05134928440384101,0.3332643210887909,0.0,0.0,0.0
170,baseline_right,1,0.22992314398288727,0.1287078857421875,0.1287078857421875,1.0,1.5475567689165473,0.09896083222702146,0.33779823780059814,0.0,0.006774947512894869,0.0
171,baseline_right,1,0.16350772976875305,0.14686428010463715,0.14686428010463715,1.0,0.966368153132498,0.05992992548272014,0.3329799771308899,0.0,0.005288067739456892,0.0
172,baseline_right,1,0.1680414229631424,0.0,0.0,0.0,0.08540300652384758,0.008540300652384758,0.07189247012138367,0.0,0.0,0.0
173,baseline_right,1,0.14106066524982452,0.0,0.0,0.0,0.406604278832674,0.0406604278832674,0.18952009081840515,0.0,0.0,0.0
174,baseline_right,1,0.18469767272472382,0.06777024269104004,0.06777024269104004,1.0,0.7369060437195005,0.0662859205622226,0.28775671124458313,0.0,0.002352779498323798,0.0
175,baseline_right,1,0.1998913735151291,0.0,0.0,0.0,1.2326390013098718,0.03507305309176445,0.3044366240501404,0.0,0.0,0.0
176,baseline_right,1,0.222433403134346,0.0,0.0,0.0,0.87547560967505,0.029379562474787235,0.1771112084388733,0.0,0.0,0.041454315185546875
177,baseline_right,1,0.22019515931606293,0.0,0.0,0.0,0.05636994726955891,0.005636994726955891,0.08905284106731415,0.0,0.0,0.0
178,baseline_right,1,0.1612052321434021,0.0,0.0,0.0,0.15521765686571598,0.015521765686571598,0.1498212218284607,0.0,0.0,0.0
179,baseline_right,1,0.2047542929649353,0.0,0.0,0.0,0.05241708364337683,0.005241708364337683,0.0826503187417984,0.0,0.0,0.0
180,baseline_right,1,0.1747756451368332,0.16314928233623505,0.16314928233623505,1.0,1.160274509084411,0.046461660240311176,0.2910608947277069,0.0,0.005076170898973942,0.0
181,baseline_right,1,0.27860698103904724,0.00489951204508543,0.00489951204508543,1.0,1.093142581364373,0.05017843427776825,0.3355286717414856,0.0,0.00021238163753878325,0.0
182,baseline_right,1,0.17918354272842407,0.0,0.0,0.0,0.07316395174711943,0.007316395174711943,0.07907186448574066,0.0,0.0,0.0
183,baseline_right,1,0.14890363812446594,0.0,0.0,0.0,0.06574684754014015,0.006574684754014015,0.06776408106088638,0.0,0.0,0.0
184,baseline_right,1,0.14069734513759613,0.0,0.0,0.0,1.5595228508114816,0.035450685769319534,0.33097219467163086,0.0,0.0,0.0
185,baseline_right,1,0.17623117566108704,0.0,0.0,0.0,1.3124568465631457,0.03672483179252595,0.29135456681251526,0.0,0.0,0.0
186,baseline_right,1,0.15416689217090607,0.0,0.0,0.0,0.20641574170440435,0.020641574170440435,0.1442674845457077,0.0,0.0,0.0
187,baseline_right,1,0.18985676765441895,0.24551406502723694,0.24551406502723694,1.0,2.045921965118032,0.08589894996839575,0.3336259722709656,0.0,0.01049836352467537,0.0
188,baseline_right,1,0.18007004261016846,0.0,0.0,0.0,0.6077070832252505,0.034275248646736145,0.2647332549095154,0.0,0.0,0.0
189,baseline_right,1,0.1836192011833191,0.0,0.0,0.0,0.25517798960208893,0.025517798960208893,0.1641058474779129,0.0,0.0,0.0
190,baseline_right,1,0.17350120842456818,0.0,0.0,0.0,0.07836149074137211,0.00783614907413721,0.09750179201364517,0.0,0.0,0.0
191,baseline_right,1,0.13563615083694458,0.0,0.0,0.0,0.45249829776585093,0.03063484001904726,0.1893896758556366,0.0,0.0,0.0
192,baseline_right,1,0.1875506341457367,0.0,0.0,0.0,0.6368292130529879,0.057509029284119606,0.3361738920211792,0.0,0.0,0.0
193,baseline_right,1,0.17746548354625702,0.0,0.0,0.0,0.3081392787862569,0.03081392787862569,0.12977148592472076,0.0,0.0,0.0
194,baseline_right,1,0.18304724991321564,0.0,0.0,0.0,0.1272776909172535,0.01272776909172535,0.1183030903339386,0.0,0.0,0.0
195,baseline_right,1,0.2013164907693863,0.04192608594894409,0.04192608594894409,1.0,0.8947939680540001,0.07952271387330256,0.336109459400177,0.0,0.0019236117659602314,0.0
196,baseline_right,1,0.18227799236774445,0.0,0.0,0.0,0.06410222500562668,0.006410222500562668,0.08392898738384247,0.0,0.0,0.0
197,baseline_right,1,0.16849385201931,0.1996230185031891,0.1996230185031891,1.0,1.1237572625279426,0.058991171419620514,0.3342714309692383,0.0,0.007206728681921959,0.0
198,baseline_right,1,0.18920838832855225,0.0,0.0,0.0,0.6683896768838166,0.06469753850251436,0.3321414291858673,0.0,0.0,0.0
199,baseline_right,1,0.26149964332580566,0.46905645728111267,0.46905645728111267,1.0,1.425731441378593,0.09803716838359833,0.3337506055831909,0.0,0.0174049474298954,0.0
