wr,L,R,T,B,max_margin,pred_style,S_frame,S_side,S_top_bottom,S_hybrid,sample_id
0.9012916684150696,0.15498781204223633,0.058313727378845215,0.14965680241584778,0.406890869140625,B,top-bottom,0.12764856219291687,0.2879818379878998,0.6340082883834839,0.4272971749305725,0
0.6156323552131653,0.015231698751449585,0.0010000000474974513,0.14642852544784546,0.07668405771255493,T,top-bottom,0.03107650764286518,0.04892831668257713,0.203847274184227,0.09986943751573563,1
0.5699067115783691,0.0010000000474974513,0.02690446376800537,0.11434739828109741,0.26401829719543457,B,top-bottom,0.05018490552902222,0.08546461164951324,0.38654547929763794,0.18175797164440155,2
0.6698567271232605,0.0010000000474974513,0.0035749077796936035,0.06814974546432495,0.1709863543510437,B,top-bottom,0.02642567828297615,0.029548443853855133,0.25371313095092773,0.08658422529697418,3
0.934512734413147,0.5568464994430542,0.08012056350708008,0.12674233317375183,0.43900662660598755,L,side,0.19954238831996918,0.9948021769523621,0.7525147795677185,0.8652186393737793,4
0.7232837677001953,0.0010000000474974513,0.03664463758468628,0.0581422820687294,0.0010000000474974513,T,top-bottom,0.011991139501333237,0.07107457518577576,0.10762057453393936,0.08745905756950378,5
0.7346111536026001,0.0010000000474974513,0.007185399532318115,0.06729049980640411,0.3224560618400574,B,top-bottom,0.033826619386672974,0.05110837519168854,0.5274071097373962,0.16417953372001648,6
0.6001607179641724,0.0010000000474974513,0.024828553199768066,0.06362791359424591,0.1723160743713379,B,top-bottom,0.032629165798425674,0.06748579442501068,0.26184946298599243,0.13293276727199554,7
0.7422904968261719,0.0010000000474974513,0.026021182537078857,0.05112927779555321,0.3966771364212036,B,top-bottom,0.037975460290908813,0.09081877022981644,0.6758175492286682,0.2477436512708664,8
0.8629254698753357,0.06157389655709267,0.013009071350097656,0.0010000000474974513,0.0010000000474974513,L,side,0.0066543882712721825,0.10062576085329056,0.00845829676836729,0.02917400375008583,9
0.3632580637931824,0.0010000000474974513,0.05388319492340088,0.07754451036453247,0.0010000000474974513,T,top-bottom,0.01664600521326065,0.10404420644044876,0.1442684382200241,0.12251651287078857,10
0.5380071401596069,0.048925235867500305,0.007176995277404785,0.0010000000474974513,0.0010000000474974513,L,side,0.0045149968937039375,0.08252383768558502,0.0066102235578000546,0.023355962708592415,11
0.9579933285713196,0.3876471221446991,0.17757582664489746,0.26411837339401245,0.3849831223487854,L,side,0.2594727873802185,0.6206143498420715,0.5381972193717957,0.5779384970664978,12
0.5544861555099487,0.0010000000474974513,0.005096614360809326,0.05374855920672417,0.11802542209625244,B,top-bottom,0.020834023132920265,0.02555130422115326,0.17005658149719238,0.06591788679361343,13
0.5399798154830933,0.0010000000474974513,0.014043331146240234,0.08284938335418701,0.11919581890106201,B,top-bottom,0.02992001734673977,0.044682517647743225,0.14977729320526123,0.08180725574493408,14
0.6910514235496521,0.051859110593795776,0.030947446823120117,0.08079709112644196,0.0010000000474974513,T,top-bottom,0.026567265391349792,0.07676815241575241,0.15291540324687958,0.10834681987762451,15
0.5630738735198975,0.0010000000474974513,0.039703965187072754,0.06360293924808502,0.13010573387145996,B,top-bottom,0.035133372992277145,0.0900380089879036,0.18737837672233582,0.1298891007900238,16
0.5461488962173462,0.0010000000474974513,0.0010000000474974513,0.09275113791227341,0.05347675085067749,T,top-bottom,0.017737343907356262,0.015622789971530437,0.12437064945697784,0.04407966136932373,17
0.4592266082763672,0.17340412735939026,0.07414209842681885,0.09443256258964539,0.0010000000474974513,L,side,0.05504816770553589,0.26235702633857727,0.19393323361873627,0.22556538879871368,18
0.7007995843887329,0.02030298113822937,0.021844565868377686,0.004778265953063965,0.157234787940979,B,top-bottom,0.020202763378620148,0.039279140532016754,0.2834147810935974,0.10550966113805771,19
0.915962815284729,0.0010000000474974513,0.0010000000474974513,0.10543082654476166,0.28076666593551636,B,top-bottom,0.039890509098768234,0.039619751274585724,0.4212353527545929,0.12918683886528015,20
0.5549905896186829,0.052790045738220215,0.09244698286056519,0.0010000000474974513,0.0010000000474974513,R,side,0.017580609768629074,0.12437254190444946,0.015523702837526798,0.0439399853348732,21
0.30419158935546875,0.055554285645484924,0.06939578056335449,0.11418115347623825,0.0010000000474974513,T,top-bottom,0.03983849659562111,0.09198708832263947,0.21722108125686646,0.14135605096817017,22
0.5449237823486328,0.03787325322628021,0.06743162870407104,0.0010000000474974513,0.0010000000474974513,R,side,0.012895485386252403,0.0912783294916153,0.011530488729476929,0.03244200721383095,23
0.2981138229370117,0.027027010917663574,0.0010000000474974513,0.0920383632183075,0.0010000000474974513,T,top-bottom,0.011659204959869385,0.057152457535266876,0.16767175495624542,0.09789204597473145,24
0.5292330980300903,0.0010000000474974513,0.0010000000474974513,0.09720941632986069,0.14371919631958008,B,top-bottom,0.02975454367697239,0.02509286254644394,0.18112702667713165,0.06741658598184586,25
0.13277608156204224,0.0010000000474974513,0.04225611686706543,0.0663641095161438,0.0010000000474974513,T,top-bottom,0.013662225566804409,0.08199742436408997,0.1229810118675232,0.10041975229978561,26
0.6906668543815613,0.0010000000474974513,0.023963332176208496,0.04184948652982712,0.3345893621444702,B,top-bottom,0.03234465420246124,0.07997788488864899,0.5712776184082031,0.2137511968612671,27
0.5811271667480469,0.0010000000474974513,0.040436625480651855,0.07556307315826416,0.0372389554977417,T,top-bottom,0.025365302339196205,0.08326613157987595,0.11036603152751923,0.09586320072412491,28
0.5067278146743774,0.0010000000474974513,0.05665093660354614,0.123566634953022,0.07282519340515137,T,top-bottom,0.041646808385849,0.120810866355896,0.16992488503456116,0.14327865839004517,29
0.0,0.020166397094726562,0.04075264930725098,0.08517191559076309,0.0010000000474974513,T,top-bottom,0.02113218791782856,0.06583884358406067,0.15860135853290558,0.10218673944473267,30
0.6396127343177795,0.10427248477935791,0.0010000000474974513,0.2473403960466385,0.19947654008865356,T,top-bottom,0.09082464873790741,0.23157218098640442,0.29615873098373413,0.26188188791275024,31
0.6190348267555237,0.14423690736293793,0.019790589809417725,0.0447084940969944,0.0010000000474974513,L,side,0.02482178620994091,0.24836480617523193,0.09607803821563721,0.15447460114955902,32
0.6051658391952515,0.08440637588500977,0.0010000000474974513,0.03793962299823761,0.0010000000474974513,L,side,0.01394619233906269,0.1550254374742508,0.07603196054697037,0.10856743901968002,33
0.587173581123352,0.1072608232498169,0.008804678916931152,0.0010000000474974513,0.0010000000474974513,L,side,0.007016515359282494,0.1862257421016693,0.012606550939381123,0.048452701419591904,34
0.0,0.3149551451206207,0.07104325294494629,0.0010000000474974513,0.0010000000474974513,L,side,0.03247671574354172,0.5102846026420593,0.039599839597940445,0.14215199649333954,35
0.1755741834640503,0.1988639533519745,0.00643080472946167,0.0010000000474974513,0.0010000000474974513,L,side,0.009361851960420609,0.35301047563552856,0.02152947708964348,0.08717872947454453,36
0.9300820231437683,0.3326200842857361,0.03128409385681152,0.0010000000474974513,0.4457092881202698,B,top-bottom,0.1071283146739006,0.6183598041534424,0.8378671407699585,0.719793975353241,37
0.729662299156189,0.0010000000474974513,0.0010000000474974513,0.03958647698163986,0.05753105878829956,B,top-bottom,0.012473293580114841,0.010711753740906715,0.07208672910928726,0.027788041159510612,38
0.573158860206604,0.09889698028564453,0.027735650539398193,0.0785263255238533,0.0010000000474974513,L,side,0.03202660754323006,0.16377867758274078,0.15321063995361328,0.1584065556526184,39
0.6223153471946716,0.15378238260746002,0.02494657039642334,0.062348622828722,0.0010000000474974513,L,side,0.03146149963140488,0.26318588852882385,0.12930041551589966,0.18447235226631165,40
0.1779693365097046,0.0010000000474974513,0.033850908279418945,0.0686427652835846,0.0010000000474974513,T,top-bottom,0.012136360630393028,0.06709591299295425,0.12624205648899078,0.09203436970710754,41
0.5540564060211182,0.0010000000474974513,0.03411722183227539,0.07172022759914398,0.1482141613960266,B,top-bottom,0.03636100888252258,0.08260443806648254,0.21292103826999664,0.13262060284614563,42
0.9326856732368469,0.17579065263271332,0.24476873874664307,0.1721441149711609,0.36676424741744995,B,top-bottom,0.20048123598098755,0.35384202003479004,0.5645163059234619,0.4469335377216339,43
0.5235952138900757,0.0010000000474974513,0.0010000000474974513,0.08593504130840302,0.0010000000474974513,T,top-bottom,0.0038442853838205338,0.009693504311144352,0.15408307313919067,0.038647186011075974,44
0.6963373422622681,0.0010000000474974513,0.015732765197753906,0.07362929731607437,0.06963884830474854,T,top-bottom,0.023954307660460472,0.041845791041851044,0.07849492877721786,0.05731214955449104,45
0.5042498111724854,0.0010000000474974513,0.05871129035949707,0.08181683719158173,0.1402963399887085,B,top-bottom,0.04549463093280792,0.127091646194458,0.1930510699748993,0.15663708746433258,46
0.6943384408950806,0.0010000000474974513,0.040341973304748535,0.08493251353502274,0.1753937005996704,B,top-bottom,0.042960770428180695,0.09784816950559616,0.25189685821533203,0.15699568390846252,47
0.529008150100708,0.0010000000474974513,0.03680408000946045,0.17937417328357697,0.0010000000474974513,T,top-bottom,0.017775196582078934,0.08348476141691208,0.3258539140224457,0.1649358570575714,48
0.21212369203567505,0.0010000000474974513,0.0010000000474974513,0.059994809329509735,0.01572597026824951,T,top-bottom,0.0073400456458330154,0.008572078309953213,0.0956098884344101,0.02862822823226452,49
0.6103142499923706,0.19017040729522705,0.0022086501121520996,0.018756330013275146,0.040122807025909424,L,side,0.025440402328968048,0.3464277386665344,0.07645389437675476,0.1627444326877594,50
0.6672149300575256,0.01475304365158081,0.03166496753692627,0.1018439456820488,0.07285267114639282,T,top-bottom,0.038180820643901825,0.06266416609287262,0.12967877089977264,0.09014550596475601,51
0.5354709029197693,0.0010000000474974513,0.0010000000474974513,0.1303858458995819,0.15282106399536133,B,top-bottom,0.03592733293771744,0.029320690780878067,0.17096924781799316,0.07080209255218506,52
0.5704357028007507,0.0010000000474974513,0.0010000000474974513,0.0701284408569336,0.13631397485733032,B,top-bottom,0.02400379255414009,0.021644242107868195,0.18946240842342377,0.0640372559428215,53
0.25697654485702515,0.0010000000474974513,0.06372761726379395,0.07580343633890152,0.0010000000474974513,T,top-bottom,0.01805885322391987,0.12159004807472229,0.14211894571781158,0.13145436346530914,54
0.548748791217804,0.0010000000474974513,0.0010000000474974513,0.14402104914188385,0.04021775722503662,T,top-bottom,0.017307806760072708,0.01942388154566288,0.2272636890411377,0.06644052267074585,55
0.5606579184532166,0.05821467936038971,0.0010000000474974513,0.05716589093208313,0.0010000000474974513,L,side,0.015170859172940254,0.10980301350355148,0.10802007466554642,0.10890789330005646,56
0.6038527488708496,0.0010000000474974513,0.0010000000474974513,0.10946683585643768,0.040336549282073975,T,top-bottom,0.015798935666680336,0.01598033867776394,0.16497106850147247,0.0513448491692543,57
0.5001481771469116,0.0010000000474974513,0.04844897985458374,0.029231339693069458,0.0010000000474974513,R,side,0.009868036955595016,0.08943130075931549,0.05676130950450897,0.07124771922826767,58
0.5829458832740784,0.0010000000474974513,0.0010000000474974513,0.1722123920917511,0.1279965043067932,T,top-bottom,0.0374649353325367,0.031020890921354294,0.20778509974479675,0.080284982919693,59
0.5030317306518555,0.0010000000474974513,0.0010000000474974513,0.08604058623313904,0.050103187561035156,T,top-bottom,0.0166043508797884,0.014614378102123737,0.11499051004648209,0.040994081646203995,60
0.9148913621902466,0.2663813829421997,0.06455796957015991,0.11627447605133057,0.5830836296081543,B,top-bottom,0.15656186640262604,0.4977759122848511,0.9896248579025269,0.7018628120422363,61
0.532848596572876,0.0010000000474974513,0.027222096920013428,0.06851931661367416,0.0010000000474974513,T,top-bottom,0.010629073716700077,0.05515170469880104,0.12535697221755981,0.08314836770296097,62
0.6403855085372925,0.0010000000474974513,0.0010000000474974513,0.09999609738588333,0.1336747407913208,B,top-bottom,0.029352692887187004,0.024367082864046097,0.16081765294075012,0.06259917467832565,63
0.6068412065505981,0.0010000000474974513,0.0010000000474974513,0.05366931110620499,0.043036043643951416,T,top-bottom,0.012689363211393356,0.010670536197721958,0.06237592548131943,0.025798926129937172,64
0.592279851436615,0.0010000000474974513,0.009120941162109375,0.16608840227127075,0.07719945907592773,T,top-bottom,0.030208732932806015,0.039946481585502625,0.23821164667606354,0.09754853695631027,65
0.5212026834487915,0.02375948429107666,0.04301738739013672,0.08155778050422668,0.0010000000474974513,T,top-bottom,0.02255888096988201,0.06667948514223099,0.15268169343471527,0.10089963674545288,66
0.5929625034332275,0.0010000000474974513,0.012852787971496582,0.04580087959766388,0.07612878084182739,B,top-bottom,0.01926032453775406,0.034527987241744995,0.10177638381719589,0.05928012728691101,67
0.8978683352470398,0.08087342977523804,0.013294816017150879,0.12236228585243225,0.21699875593185425,B,top-bottom,0.07147710025310516,0.1688724160194397,0.3021247386932373,0.22587725520133972,68
0.5901219844818115,0.3407198190689087,0.0010000000474974513,0.06233257055282593,0.04476034641265869,L,side,0.04529714584350586,0.6232049465179443,0.11056232452392578,0.2624937891960144,69
0.8240224123001099,0.36291271448135376,0.03943657875061035,0.0010000000474974513,0.6587947010993958,B,top-bottom,0.13201704621315002,0.6876730918884277,1.0,0.8292605876922607,70
0.5530655384063721,0.0010000000474974513,0.033800363540649414,0.07735016196966171,0.09351533651351929,B,top-bottom,0.0332208126783371,0.07712720334529877,0.10992751270532608,0.09207823127508163,71
0.7585180401802063,0.0010000000474974513,0.0010000000474974513,0.05062378942966461,0.3047723174095154,B,top-bottom,0.02634160965681076,0.036539606750011444,0.5082911252975464,0.13628190755844116,72
0.9565361738204956,0.1492985337972641,0.009983658790588379,0.09895466268062592,0.3515399694442749,B,top-bottom,0.08979132026433945,0.3057999014854431,0.5695363879203796,0.4173298180103302,73
0.5955089330673218,0.11869342625141144,0.011141777038574219,0.06542123109102249,0.0010000000474974513,L,side,0.02552632801234722,0.2113768607378006,0.12994173169136047,0.16573072969913483,74
0.5575509071350098,0.0010000000474974513,0.0010000000474974513,0.10166589170694351,0.2024134397506714,B,top-bottom,0.034770071506500244,0.03140793368220329,0.28321149945259094,0.09431377053260803,75
0.5836769938468933,0.0010000000474974513,0.0010000000474974513,0.19010795652866364,0.12019991874694824,T,top-bottom,0.037605032324790955,0.03203078731894493,0.24623438715934753,0.08880923688411713,76
0.5859740972518921,0.0010000000474974513,0.0010000000474974513,0.18887200951576233,0.09221768379211426,T,top-bottom,0.031926240772008896,0.029108969494700432,0.2663954794406891,0.08805962651968002,77
0.9722785949707031,0.0010000000474974513,0.0010000000474974513,0.10913491249084473,0.30558890104293823,B,top-bottom,0.04199006035923958,0.04247238114476204,0.4629521071910858,0.1402236670255661,78
0.5455202460289001,0.0010000000474974513,0.08515745401382446,0.10541360825300217,0.2421712875366211,B,top-bottom,0.0651492327451706,0.18724191188812256,0.3601931631565094,0.25969839096069336,79
0.9510458111763,0.41299641132354736,0.10816484689712524,0.3525765836238861,0.3116070628166199,L,side,0.23910033702850342,0.7232800126075745,0.4374683201313019,0.5625051856040955,80
0.7149367332458496,0.007540613412857056,0.015915751457214355,0.00405004620552063,0.2458198070526123,B,top-bottom,0.017049267888069153,0.04760284721851349,0.44158124923706055,0.14498455822467804,81
0.6978821754455566,0.0010000000474974513,0.036902427673339844,0.05590974912047386,0.0010000000474974513,T,top-bottom,0.011864174157381058,0.07131534814834595,0.10362779349088669,0.0859665796160698,82
0.9157919883728027,0.1599995344877243,0.18215787410736084,0.1645241379737854,0.3810952305793762,B,top-bottom,0.1758146584033966,0.25444647669792175,0.588567852973938,0.3869870901107788,83
0.6080273389816284,0.0010000000474974513,0.0010000000474974513,0.11558317393064499,0.13956987857818604,B,top-bottom,0.03236079216003418,0.026515306904911995,0.15895923972129822,0.06492190062999725,84
0.3654389977455139,0.023981288075447083,0.04792112112045288,0.06729312241077423,0.0010000000474974513,T,top-bottom,0.02258041501045227,0.07390230149030685,0.12751786410808563,0.09707658737897873,85
0.5331430435180664,0.0010000000474974513,0.018545567989349365,0.08938729017972946,0.17898708581924438,B,top-bottom,0.03693760931491852,0.05941946059465408,0.25262147188186646,0.12251788377761841,86
0.24474060535430908,0.0010000000474974513,0.002635955810546875,0.08287948369979858,0.06716251373291016,T,top-bottom,0.019906271249055862,0.01894892007112503,0.09581665694713593,0.04261012002825737,87
0.547239363193512,0.1004856526851654,0.03982442617416382,0.0010000000474974513,0.0010000000474974513,L,side,0.015232624486088753,0.14921464025974274,0.015031008049845695,0.04735869914293289,88
0.9204267263412476,0.02729371190071106,0.01394277811050415,0.08462000638246536,0.28946876525878906,B,top-bottom,0.04862195625901222,0.07538333535194397,0.45747146010398865,0.1857033222913742,89
0.8665405511856079,0.1501227170228958,0.06531214714050293,0.09854225814342499,0.37953102588653564,B,top-bottom,0.1119769811630249,0.265778511762619,0.6258655190467834,0.4078499674797058,90
0.6577171087265015,0.0010000000474974513,0.0020248889923095703,0.05539796128869057,0.1776856780052185,B,top-bottom,0.02304970845580101,0.026153165847063065,0.2758183479309082,0.08493246138095856,91
0.9022552967071533,0.17268294095993042,0.27086496353149414,0.2182413786649704,0.3080844283103943,B,top-bottom,0.21676677465438843,0.4020431637763977,0.42431366443634033,0.4130283296108246,92
0.5851321220397949,0.01451045274734497,0.03806412220001221,0.05690811574459076,0.09296846389770508,B,top-bottom,0.03626289218664169,0.07189471274614334,0.1270741969347,0.09558223187923431,93
0.896194338798523,0.13503432273864746,0.2359619140625,0.14538124203681946,0.521882176399231,B,top-bottom,0.1813366860151291,0.3834303021430969,0.860182523727417,0.5742996335029602,94
0.8151113986968994,0.37804627418518066,0.07166731357574463,0.08537021279335022,0.1425829529762268,L,side,0.10773904621601105,0.6459447741508484,0.23332451283931732,0.3882199823856354,95
0.6246388554573059,0.0010000000474974513,0.05227881669998169,0.28176483511924744,0.15678369998931885,T,top-bottom,0.06920163333415985,0.13715672492980957,0.3870776295661926,0.2304133176803589,96
0.30977386236190796,0.0847136378288269,0.03171771764755249,0.07442723214626312,0.0010000000474974513,L,top-bottom,0.031155671924352646,0.13465310633182526,0.14481216669082642,0.13964028656482697,97
0.5160559415817261,0.0010000000474974513,0.0010000000474974513,0.12183182686567307,0.126867413520813,B,top-bottom,0.031824056059122086,0.02586992457509041,0.13109588623046875,0.058236077427864075,98
0.5583503246307373,0.0010000000474974513,0.011625885963439941,0.08104901015758514,0.0010000000474974513,T,top-bottom,0.006962558254599571,0.028331497684121132,0.14635081589221954,0.06439206749200821,99
0.9168440103530884,0.40500184893608093,0.02136862277984619,0.16255848109722137,0.2934924364089966,L,side,0.14885035157203674,0.7575135231018066,0.44087666273117065,0.5779014229774475,100
0.9491481184959412,0.5216109752655029,0.0010000000474974513,0.35862380266189575,0.5350780487060547,B,side,0.2463996410369873,1.0,0.7285025715827942,0.8535236120223999,101
0.5579693913459778,0.0010000000474974513,0.051663994789123535,0.061700500547885895,0.017661094665527344,T,top-bottom,0.020678728818893433,0.10013135522603989,0.10219842195510864,0.10115960985422134,102
0.8056146502494812,0.025715850293636322,0.019466519355773926,0.0010000000474974513,0.0010000000474974513,L,side,0.006285404786467552,0.030915314331650734,0.005518237128853798,0.013061318546533585,103
0.558694064617157,0.06724557280540466,0.021517038345336914,0.057480454444885254,0.0010000000474974513,L,top-bottom,0.023417584598064423,0.10967644304037094,0.11154108494520187,0.11060483753681183,104
0.86107337474823,0.0010000000474974513,0.0010000000474974513,0.0010000000474974513,0.0010000000474974513,L,side,0.0009995000436902046,0.0012000000569969416,0.0012000000569969416,0.0012000000569969416,105
0.5948783159255981,0.0010000000474974513,0.04726409912109375,0.12142898887395859,0.015804171562194824,T,top-bottom,0.023152921348810196,0.09799869358539581,0.21075525879859924,0.1437140852212906,106
0.725476086139679,0.0010000000474974513,0.024419844150543213,0.11234577000141144,0.41731053590774536,B,top-bottom,0.055725015699863434,0.09612135589122772,0.6638243198394775,0.25260186195373535,107
0.36881405115127563,0.0010000000474974513,0.0010000000474974513,0.10358826816082001,0.0010000000474974513,T,top-bottom,0.004435556009411812,0.011458827182650566,0.18585887551307678,0.04614894092082977,108
0.5921354293823242,0.06168869137763977,0.044418513774871826,0.044324375689029694,0.03769874572753906,L,side,0.04258735105395317,0.08370714634656906,0.06023560091853142,0.07100810110569,109
0.15453886985778809,0.004526883363723755,0.06167769432067871,0.005180925130844116,0.0010000000474974513,R,side,0.00548993144184351,0.10801643878221512,0.015146123245358467,0.04044787213206291,110
0.7182062864303589,0.01308491826057434,0.025695204734802246,0.0010000000474974513,0.0010000000474974513,R,side,0.005085077602416277,0.035983432084321976,0.004878012463450432,0.013248683884739876,111
0.6763246655464172,0.12019242346286774,0.022423386573791504,0.0010000000474974513,0.0010000000474974513,L,side,0.011502651497721672,0.1986076533794403,0.015261581167578697,0.055055126547813416,112
0.5624784231185913,0.0010000000474974513,0.08312612771987915,0.16441994905471802,0.0010000000474974513,T,top-bottom,0.028495054692029953,0.16536903381347656,0.3035685122013092,0.2240554243326187,113
0.8114187717437744,0.0010000000474974513,0.0010000000474974513,0.0010000000474974513,0.0010000000474974513,L,side,0.0009995000436902046,0.0012000000569969416,0.0012000000569969416,0.0012000000569969416,114
0.5903428792953491,0.0010000000474974513,0.0675249695777893,0.1667805165052414,0.10435205698013306,T,top-bottom,0.054889000952243805,0.14785820245742798,0.22357578575611115,0.18181726336479187,115
0.542374849319458,0.0010000000474974513,0.0010000000474974513,0.0010000000474974513,0.0010000000474974513,L,side,0.0009995000436902046,0.0012000000569969416,0.0012000000569969416,0.0012000000569969416,116
0.9280381202697754,0.4552367627620697,0.08227008581161499,0.2230253368616104,0.21869969367980957,L,side,0.17779302597045898,0.7977826595306396,0.28023654222488403,0.4728296399116516,117
0.9091204404830933,0.15932506322860718,0.36198365688323975,0.12426149845123291,0.3742576241493225,B,top-bottom,0.19799478352069855,0.5739624500274658,0.6263853907585144,0.5996012687683105,118
0.8985141515731812,0.1508694738149643,0.19994431734085083,0.13221845030784607,0.3512556552886963,B,top-bottom,0.16556528210639954,0.287551611661911,0.5615668296813965,0.4018450379371643,119
0.14515995979309082,0.3473474383354187,0.039003849029541016,0.0010000000474974513,0.032766878604888916,L,side,0.034707725048065186,0.5973989963531494,0.09681551158428192,0.2404942661523819,120
0.646352231502533,0.10922515392303467,0.0733187198638916,0.05180678516626358,0.0010000000474974513,L,side,0.03924247622489929,0.14323097467422485,0.11070659756660461,0.1259230524301529,121
0.03636825084686279,0.003325343132019043,0.0020641684532165527,0.06814250349998474,0.0687021017074585,B,top-bottom,0.019124332815408707,0.01801874488592148,0.06968872994184494,0.03543590381741524,122
0.10083860158920288,0.0010000000474974513,0.0010000000474974513,0.14107495546340942,0.0010000000474974513,T,top-bottom,0.005691124126315117,0.015207496471703053,0.2533349096775055,0.062069233506917953,123
0.5780274868011475,0.1706019937992096,0.0010000000474974513,0.10560891032218933,0.0010000000474974513,L,side,0.03340153396129608,0.3169444799423218,0.2064562439918518,0.2558029890060425,124
0.708317756652832,0.0010000000474974513,0.028559625148773193,0.0810287594795227,0.13309311866760254,B,top-bottom,0.03560816869139671,0.07201950997114182,0.17770056426525116,0.11312783509492874,125
0.5517227649688721,0.0010000000474974513,0.018483996391296387,0.10484493523836136,0.0010000000474974513,T,top-bottom,0.009812435135245323,0.043055690824985504,0.18986928462982178,0.09041544795036316,126
0.6523114442825317,0.02741512656211853,0.025989890098571777,0.06829982995986938,0.0010000000474974513,T,top-bottom,0.018611274659633636,0.035485297441482544,0.12748019397258759,0.06725825369358063,127
0.2374480962753296,0.0010000000474974513,0.06403136253356934,0.08630845695734024,0.0010000000474974513,T,top-bottom,0.019128408282995224,0.12318729609251022,0.16105836629867554,0.14085575938224792,128
0.6783528923988342,0.029932379722595215,0.0010000000474974513,0.22815938293933868,0.08855283260345459,T,top-bottom,0.04319204390048981,0.0847495049238205,0.3429378569126129,0.1704811304807663,129
0.5645371079444885,0.0010000000474974513,0.020395874977111816,0.23330821096897125,0.06513440608978271,T,top-bottom,0.03418929502367973,0.06575683504343033,0.3699868619441986,0.15597809851169586,130
0.280367374420166,0.32609397172927856,0.0010000000474974513,0.057997509837150574,0.0010000000474974513,L,side,0.029237374663352966,0.5920688509941101,0.13630491495132446,0.2840808033943176,131
0.5402566194534302,0.3805811405181885,0.023527324199676514,0.0010000000474974513,0.0010000000474974513,L,side,0.02083951234817505,0.6664242148399353,0.04141084477305412,0.16612401604652405,132
0.6630369424819946,0.0010000000474974513,0.0010000000474974513,0.08679373562335968,0.27334123849868774,B,top-bottom,0.03493133559823036,0.03701349347829819,0.42277923226356506,0.12509411573410034,133
0.6748600006103516,0.0010000000474974513,0.008397817611694336,0.19868384301662445,0.2163088321685791,B,top-bottom,0.055285289883613586,0.05581533908843994,0.23134860396385193,0.11363450437784195,134
0.5886106491088867,0.06562428176403046,0.01805967092514038,0.10275410115718842,0.0010000000474974513,T,top-bottom,0.02684519626200199,0.11405138671398163,0.19252577424049377,0.14818175137043,135
0.5385525226593018,0.0010000000474974513,0.06895548105239868,0.07602685689926147,0.04895371198654175,T,side,0.034086860716342926,0.13581791520118713,0.10468092560768127,0.11923734843730927,136
0.5382285118103027,0.04839080572128296,0.0010000000474974513,0.06975351274013519,0.0010000000474974513,T,top-bottom,0.015034417621791363,0.09337881207466125,0.12969540059566498,0.11004909127950668,137
0.6929377317428589,0.0010000000474974513,0.02958500385284424,0.06931516528129578,0.0010000000474974513,T,top-bottom,0.011223084293305874,0.05948452278971672,0.1270257979631424,0.08692565560340881,138
0.5255416631698608,0.08642962574958801,0.04151725769042969,0.04177183657884598,0.0010000000474974513,L,side,0.027568276971578598,0.12663669884204865,0.08718399703502655,0.10507470369338989,139
0.5766795873641968,0.17432042956352234,0.0010000000474974513,0.11175256967544556,0.08379429578781128,L,side,0.06157843396067619,0.3325314521789551,0.15165123343467712,0.2245635837316513,140
0.5855980515480042,0.10273441672325134,0.010959029197692871,0.0010000000474974513,0.0010000000474974513,L,side,0.0075186919420957565,0.17635473608970642,0.01236934494227171,0.04670538008213043,141
0.6962954998016357,0.09979882836341858,0.028093934059143066,0.08795031905174255,0.15765702724456787,B,top-bottom,0.07037386298179626,0.1817234754562378,0.22621166706085205,0.2027510106563568,142
0.199895977973938,0.0010000000474974513,0.049095332622528076,0.08310963213443756,0.04349935054779053,T,top-bottom,0.029588229954242706,0.10023250430822372,0.11980739235877991,0.10958373546600342,143
0.5718246698379517,0.0016134381294250488,0.0010000000474974513,0.07677248120307922,0.11728215217590332,B,top-bottom,0.0241876058280468,0.021509652957320213,0.14995121955871582,0.056792594492435455,144
0.3194783329963684,0.0010000000474974513,0.0010000000474974513,0.15412357449531555,0.056382060050964355,T,top-bottom,0.021855566650629044,0.022050563246011734,0.2325167953968048,0.07160395383834839,145
0.9220148324966431,0.540298581123352,0.03479355573654175,0.0010000000474974513,0.6142266988754272,B,side,0.15700140595436096,1.0,1.0,1.0,146
0.6644434928894043,0.039187490940093994,0.0010000000474974513,0.14828942716121674,0.2231733798980713,B,top-bottom,0.05891720578074455,0.10688376426696777,0.28709930181503296,0.17517492175102234,147
0.9611855745315552,0.37166643142700195,0.05288434028625488,0.17915119230747223,0.012081801891326904,L,side,0.08395597338676453,0.6458154320716858,0.35526180267333984,0.478992223739624,148
0.39140784740448,0.0010000000474974513,0.0010000000474974513,0.0773639976978302,0.07754409313201904,B,top-bottom,0.020112985745072365,0.016490809619426727,0.07788817584514618,0.03583907335996628,149
0.21388792991638184,0.0010000000474974513,0.046267032623291016,0.034292131662368774,0.0010000000474974513,R,side,0.010593818500638008,0.08600987493991852,0.06565254181623459,0.07514497637748718,150
0.4951181411743164,0.0010000000474974513,0.01434093713760376,0.14945748448371887,0.019039571285247803,T,top-bottom,0.0158990528434515,0.041863393038511276,0.25532591342926025,0.10338669270277023,151
0.6030034422874451,0.10063457489013672,0.0010000000474974513,0.09031541645526886,0.08769571781158447,L,side,0.04987143725156784,0.19814333319664001,0.10257463157176971,0.14256395399570465,152
0.9584910273551941,0.13512444496154785,0.04105502367019653,0.09771299362182617,0.03125971555709839,L,side,0.055089570581912994,0.2232772558927536,0.16849355399608612,0.1939607709646225,153
0.625552237033844,0.0010000000474974513,0.0010000000474974513,0.07006874680519104,0.05005490779876709,T,top-bottom,0.01534700021147728,0.013012365438044071,0.08627982437610626,0.033506784588098526,154
0.7220854759216309,0.0010000000474974513,0.0010000000474974513,0.0402667410671711,0.0010000000474974513,T,top-bottom,0.002314685843884945,0.005126674193888903,0.07188013941049576,0.019196512177586555,155
0.7593848705291748,0.26132118701934814,0.017522037029266357,0.0010000000474974513,0.0010000000474974513,L,side,0.014938496053218842,0.45656052231788635,0.028884323313832283,0.11483658850193024,156
0.598218560218811,0.0010000000474974513,0.0010000000474974513,0.14582745730876923,0.0010000000474974513,T,top-bottom,0.005850303918123245,0.015682745724916458,0.26188942790031433,0.06408701092004776,157
0.970057487487793,0.28964704275131226,0.058885395526885986,0.1125277504324913,0.05000489950180054,L,side,0.07952873408794403,0.49050962924957275,0.1973992884159088,0.31116917729377747,158
0.7593702077865601,0.0287601500749588,0.0488317608833313,0.20711617171764374,0.36000150442123413,B,top-bottom,0.0941893681883812,0.12160082161426544,0.4900689423084259,0.24411633610725403,159
0.8616214990615845,0.0010000000474974513,0.0010000000474974513,0.0010000000474974513,0.0010000000474974513,L,side,0.0009995000436902046,0.0012000000569969416,0.0012000000569969416,0.0012000000569969416,160
0.6348872184753418,0.013005316257476807,0.01213616132736206,0.10573643445968628,0.11036539077758789,B,top-bottom,0.036425769329071045,0.03531082347035408,0.11658269912004471,0.06416098028421402,161
0.8084859848022461,0.036704614758491516,0.054058074951171875,0.25823527574539185,0.310812771320343,B,top-bottom,0.10437063127756119,0.12484565377235413,0.3619510233402252,0.21257472038269043,162
0.8907541036605835,0.47337374091148376,0.030720770359039307,0.0010000000474974513,0.31503790616989136,L,side,0.10625188797712326,0.8590999245643616,0.6166776418685913,0.7278651595115662,163
0.29824167490005493,0.2558218836784363,0.0010000000474974513,0.0010000000474974513,0.0010000000474974513,L,side,0.009534407407045364,0.45987942814826965,0.026682186871767044,0.11077269166707993,164
0.5395439267158508,0.10683014988899231,0.03764134645462036,0.05677700787782669,0.0010000000474974513,L,side,0.031476184725761414,0.16795890033245087,0.11584576964378357,0.13948951661586761,165
0.5113710761070251,0.044322460889816284,0.029951930046081543,0.0010000000474974513,0.0010000000474974513,L,side,0.009683427400887012,0.0560188852250576,0.008427439257502556,0.02172776497900486,166
0.9245712757110596,0.31837260723114014,0.08930283784866333,0.12872548401355743,0.3643895387649536,B,top-bottom,0.1661260575056076,0.5509399175643921,0.5936883687973022,0.5719148516654968,167
0.6073919534683228,0.12990286946296692,0.0010000000474974513,0.04344926029443741,0.049666762351989746,L,side,0.03270687535405159,0.24233676493167877,0.06773105263710022,0.12811605632305145,168
0.6061738729476929,0.15252116322517395,0.0010000000474974513,0.07267989218235016,0.0010000000474974513,L,side,0.025532778352499008,0.2811060845851898,0.14537592232227325,0.2021535485982895,169
0.5594432353973389,0.07342588901519775,0.022093534469604492,0.06308577954769135,0.0010000000474974513,L,top-bottom,0.025127839297056198,0.12090035527944565,0.12230634689331055,0.12160132080316544,170
0.5758823752403259,0.00574803352355957,0.0010000000474974513,0.10810835659503937,0.10042953491210938,T,top-bottom,0.028546810150146484,0.030400250107049942,0.11492621898651123,0.05910825356841087,171
0.6573938727378845,0.15708506107330322,0.02690422534942627,0.0010000000474974513,0.43383634090423584,B,top-bottom,0.06887240707874298,0.3047133684158325,0.7985044121742249,0.493269681930542,172
0.7245514392852783,0.0010000000474974513,0.008157134056091309,0.1413550227880478,0.3046075701713562,B,top-bottom,0.05200815200805664,0.058479104191064835,0.43612533807754517,0.159700408577919,173
0.5894464254379272,0.0010000000474974513,0.0010000000474974513,0.11324657499790192,0.1370278000831604,B,top-bottom,0.03175035119056702,0.026027437299489975,0.15625278651714325,0.06377193331718445,174
0.2646944522857666,0.03246566653251648,0.047615766525268555,0.0010000000474974513,0.0010000000474974513,R,side,0.010398901998996735,0.05993584543466568,0.009008144028484821,0.023235980421304703,175
0.3059822916984558,0.0010000000474974513,0.023404240608215332,0.0900590792298317,0.0010000000474974513,T,top-bottom,0.010617982596158981,0.05043354257941246,0.16374677419662476,0.09087534993886948,176
0.5627974271774292,0.0010000000474974513,0.03704190254211426,0.09417572617530823,0.1317194104194641,B,top-bottom,0.04076412692666054,0.08846493810415268,0.16555854678153992,0.12102118134498596,177
0.8698201179504395,0.0010000000474974513,0.04739755392074585,0.08217154443264008,0.27976930141448975,B,top-bottom,0.04944739490747452,0.12070968747138977,0.4426872432231903,0.23116366565227509,178
0.02374500036239624,0.15989674627780914,0.03785371780395508,0.05012348294258118,0.0010000000474974513,L,side,0.0326073095202446,0.2626435160636902,0.10919731855392456,0.16935160756111145,179
0.5694253444671631,0.0010000000474974513,0.06041008234024048,0.10922257602214813,0.0010000000474974513,T,top-bottom,0.02024642936885357,0.1189604103565216,0.20194163918495178,0.15499374270439148,180
0.9567807912826538,0.6275496482849121,0.09219181537628174,0.3882029056549072,0.45758527517318726,L,side,0.29465970396995544,1.0,0.5850653052330017,0.7648956179618835,181
0.6960744857788086,0.0010000000474974513,0.0357670783996582,0.10624291002750397,0.10274231433868408,T,top-bottom,0.03904160112142563,0.08447926491498947,0.11272009462118149,0.0975833535194397,182
0.890760064125061,0.036768972873687744,0.0010000000474974513,0.12968963384628296,0.17030322551727295,B,top-bottom,0.05029432848095894,0.09538343548774719,0.20657099783420563,0.1403689831495285,183
0.03914356231689453,0.12085485458374023,0.017724692821502686,0.08540516346693039,0.017841339111328125,L,side,0.03821801766753197,0.21368363499641418,0.15331418812274933,0.1809992641210556,184
0.9034206867218018,0.21934035420417786,0.03159266710281372,0.09386836737394333,0.42689985036849976,B,top-bottom,0.11739238351583481,0.4216153025627136,0.7184183597564697,0.5503600239753723,185
0.07409292459487915,0.21577902138233185,0.06476974487304688,0.058859143406152725,0.0010000000474974513,L,side,0.04537449777126312,0.3425723612308502,0.13320133090019226,0.213614359498024,186
0.601729691028595,0.0010000000474974513,0.02988302707672119,0.11654355376958847,0.29517775774002075,B,top-bottom,0.053296610713005066,0.09416158497333527,0.4411734342575073,0.20381754636764526,187
0.18563300371170044,0.2788669466972351,0.042495667934417725,0.0010000000474974513,0.0010000000474974513,L,side,0.023050762712955475,0.46816399693489075,0.03313625976443291,0.12455201148986816,188
0.5411843657493591,0.005901694297790527,0.05161017179489136,0.09598267823457718,0.0010000000474974513,T,top-bottom,0.01934722252190113,0.09787522256374359,0.17772001028060913,0.1318877786397934,189
0.5748109817504883,0.1096968948841095,0.0010000000474974513,0.05662533640861511,0.0010000000474974513,L,side,0.019498618319630623,0.20241694152355194,0.11219530552625656,0.15069913864135742,190
0.6023267507553101,0.0010000000474974513,0.0010000000474974513,0.05657663196325302,0.09738326072692871,B,top-bottom,0.01867085136473179,0.016395989805459976,0.13022856414318085,0.04620850831270218,191
0.2858155369758606,0.0010000000474974513,0.0010000000474974513,0.1907348930835724,0.0010000000474974513,T,top-bottom,0.007354415953159332,0.020173490047454834,0.3427228033542633,0.08314995467662811,192
0.635329008102417,0.20367226004600525,0.03717833757400513,0.060631945729255676,0.0010000000474974513,L,side,0.03715917468070984,0.34303057193756104,0.1324225664138794,0.2131313979625702,193
0.8545270562171936,0.3356913924217224,0.09929448366165161,0.13595810532569885,0.07742667198181152,L,side,0.11089921742677689,0.5461474061012268,0.22628183662891388,0.3515440821647644,194
0.6081184148788452,0.0010000000474974513,0.06702166795730591,0.05648179352283478,0.0010000000474974513,R,side,0.016073573380708694,0.12558718025684357,0.1076693907380104,0.11628368496894836,195
0.23579102754592896,0.0010000000474974513,0.019458293914794922,0.09525905549526215,0.0010000000474974513,T,top-bottom,0.009734723716974258,0.04385083168745041,0.17271213233470917,0.08702626079320908,196
0.10300791263580322,0.21425291895866394,0.059807658195495605,0.05503761023283005,0.0010000000474974513,L,side,0.042782533913850784,0.3434129059314728,0.12567375600337982,0.2077450156211853,197
0.4416508078575134,0.0010000000474974513,0.008333325386047363,0.0010000000474974513,0.0010000000474974513,R,side,0.0012451199581846595,0.01439998485147953,0.0019333325326442719,0.005276358220726252,198
0.1348903775215149,0.23973439633846283,0.0010000000474974513,0.06928905099630356,0.01193392276763916,L,side,0.03272455930709839,0.4388442039489746,0.1392465978860855,0.2471994310617447,199
0.6215944886207581,0.0010000000474974513,0.0010000000474974513,0.09826880693435669,0.08969736099243164,T,top-bottom,0.024195941165089607,0.019796617329120636,0.10532596707344055,0.04566287249326706,200
0.6172244548797607,0.0010000000474974513,0.0010000000474974513,0.11101663112640381,0.024560093879699707,T,top-bottom,0.011757910251617432,0.014557672664523125,0.1803818643093109,0.05124392732977867,201
0.5716748237609863,0.07178720831871033,0.004870057106018066,0.0010000000474974513,0.0010000000474974513,L,side,0.004596510902047157,0.12552092969417572,0.008665726520121098,0.03298075124621391,202
0.6242622137069702,0.15957966446876526,0.03758913278579712,0.025709301233291626,0.3880503177642822,B,top-bottom,0.07992438971996307,0.2985480725765228,0.6976400017738342,0.45637601613998413,203
0.30659013986587524,0.03627386689186096,0.021498560905456543,0.07615052163600922,0.010727524757385254,T,top-bottom,0.02375994250178337,0.056781917810440063,0.13426616787910461,0.08731488883495331,204
0.20279955863952637,0.14021658897399902,0.010441720485687256,0.08338368684053421,0.0010000000474974513,L,side,0.03035183995962143,0.2524748742580414,0.16435647010803223,0.20370537042617798,205
0.861414909362793,0.0010000000474974513,0.0010000000474974513,0.0010000000474974513,0.0010000000474974513,L,side,0.0009995000436902046,0.0012000000569969416,0.0012000000569969416,0.0012000000569969416,206
0.295132040977478,0.37737858295440674,0.07174056768417358,0.0010000000474974513,0.0010000000474974513,L,side,0.035043276846408844,0.6220889687538147,0.045911915600299835,0.16900087893009186,207
0.0,0.16510096192359924,0.014712035655975342,0.05252719670534134,0.0010000000474974513,L,side,0.026102028787136078,0.29076480865478516,0.11173025518655777,0.180242121219635,208
0.5704523324966431,0.0010000000474974513,0.0010000000474974513,0.09347794950008392,0.013817250728607178,T,top-bottom,0.008047856390476227,0.011729520745575428,0.1574065089225769,0.04296862706542015,209
0.030556321144104004,0.02705208957195282,0.0010000000474974513,0.033286333084106445,0.0010000000474974513,T,top-bottom,0.008208995684981346,0.05132239684462547,0.061920613050460815,0.0563729926943779,210
0.8918910026550293,0.15918156504631042,0.25631463527679443,0.1362275779247284,0.3989675045013428,B,top-bottom,0.18594254553318024,0.3875406086444855,0.6507090926170349,0.5021714568138123,211
0.7168929576873779,0.020857900381088257,0.02147352695465088,0.044669270515441895,0.0010000000474974513,T,top-bottom,0.014267932623624802,0.026532955467700958,0.0838378295302391,0.04716423898935318,212
0.7177988290786743,0.0010000000474974513,0.01869022846221924,0.04630983620882034,0.07461529970169067,B,top-bottom,0.02119089663028717,0.04493492841720581,0.09922869503498077,0.06677450239658356,213
0.5224685668945312,0.0010000000474974513,0.025594353675842285,0.10396283864974976,0.07232487201690674,T,top-bottom,0.030712289735674858,0.06289861351251602,0.13193264603614807,0.0910954475402832,214
0.8939982652664185,0.20854097604751587,0.022298693656921387,0.09368158876895905,0.6991560459136963,B,top-bottom,0.1237250417470932,0.43681859970092773,1.0,0.6609225273132324,215
0.5845677852630615,0.08531862497329712,0.06988310813903809,0.06942407041788101,0.0010000000474974513,L,top-bottom,0.040094781666994095,0.1047094464302063,0.13968349993228912,0.1209387481212616,216
0.1628044843673706,0.0522797554731369,0.04439115524291992,0.0010000000474974513,0.0010000000474974513,L,side,0.012751481495797634,0.05879063531756401,0.010667091235518456,0.025042464956641197,217
0.9626663327217102,0.6107736229896545,0.06259161233901978,0.2614203095436096,0.4787049889564514,L,side,0.24879790842533112,1.0,0.7198692560195923,0.8484510779380798,218
0.6081961393356323,0.0010000000474974513,0.007057130336761475,0.053334400057792664,0.18573272228240967,B,top-bottom,0.024594876915216446,0.03580954670906067,0.29245707392692566,0.10233648121356964,219
0.5677796602249146,0.0010000000474974513,0.0010000000474974513,0.07444857805967331,0.05876922607421875,T,top-bottom,0.017169181257486343,0.014321781694889069,0.08719206601381302,0.035337597131729126,220
0.6272662878036499,0.007606416940689087,0.01277303695678711,0.07802678644657135,0.04199576377868652,T,top-bottom,0.021080704405903816,0.028908587992191315,0.10888954997062683,0.05610564351081848,221
0.5911076664924622,0.01871505379676819,0.0773477554321289,0.0353931188583374,0.0010000000474974513,R,side,0.01897033490240574,0.12789322435855865,0.0725138932466507,0.09630179405212402,222
0.7111900448799133,0.0010000000474974513,0.01326686143875122,0.08341482281684875,0.0010000000474974513,T,top-bottom,0.00752800889313221,0.031521834433078766,0.15077336132526398,0.06893948465585709,223
0.7972846031188965,0.0010000000474974513,0.024795830249786377,0.04233868047595024,0.02939164638519287,T,top-bottom,0.01690429076552391,0.0510055273771286,0.055275894701480865,0.05309779569506645,224
0.11034727096557617,0.0010000000474974513,0.0010000000474974513,0.0708988755941391,0.0010000000474974513,T,top-bottom,0.0033406680449843407,0.00818988773971796,0.12701797485351562,0.03225310891866684,225
0.7488328218460083,0.0010000000474974513,0.0010000000474974513,0.08810929208993912,0.23185843229293823,B,top-bottom,0.03331637382507324,0.0329967699944973,0.3470577597618103,0.10701301693916321,226
0.6932625770568848,0.0010000000474974513,0.039337158203125,0.04381360113620758,0.0555037260055542,B,side,0.024687957018613815,0.0799386203289032,0.0688895434141159,0.07420872896909714,227
0.4250054359436035,0.0010000000474974513,0.0010000000474974513,0.0010000000474974513,0.0010000000474974513,L,side,0.0009995000436902046,0.0012000000569969416,0.0012000000569969416,0.0012000000569969416,228
0.6206278800964355,0.0010000000474974513,0.0010000000474974513,0.11809965968132019,0.2553267478942871,B,top-bottom,0.041472285985946655,0.038342639803886414,0.3653084337711334,0.11835070699453354,229
0.7511590719223022,0.13404591381549835,0.022029876708984375,0.056877050548791885,0.05136078596115112,L,side,0.04536993056535721,0.2344825267791748,0.07689764350652695,0.13428013026714325,230
0.5785973072052002,0.08404505252838135,0.05365198850631714,0.0010000000474974513,0.0010000000474974513,L,side,0.017131047323346138,0.1085595041513443,0.014769704081118107,0.04004237428307533,231
0.2044602632522583,0.0010000000474974513,0.01726430654525757,0.1058698296546936,0.10432946681976318,T,top-bottom,0.03295033052563667,0.0512956827878952,0.10892854630947113,0.07475001364946365,232
0.7238459587097168,0.0010000000474974513,0.0010000000474974513,0.04546642303466797,0.11651611328125,B,top-bottom,0.017380215227603912,0.01719825342297554,0.1735558658838272,0.05463385209441185,233
0.5500816106796265,0.0010000000474974513,0.011719822883605957,0.12614503502845764,0.10342991352081299,T,top-bottom,0.03310505300760269,0.04325317591428757,0.14558911323547363,0.07935484498739243,234
0.4929569959640503,0.25642091035842896,0.017964422702789307,0.0010000000474974513,0.0010000000474974513,L,side,0.014909118413925171,0.44738611578941345,0.02843853458762169,0.11279629915952682,235
0.9773097038269043,0.32676661014556885,0.37103962898254395,0.21150372922420502,0.7134109735488892,B,top-bottom,0.3121950924396515,0.4989495277404785,1.0,0.7063636183738708,236
0.5232336521148682,0.028876811265945435,0.06440907716751099,0.0010000000474974513,0.0010000000474974513,R,side,0.010795638896524906,0.09303489327430725,0.010328589007258415,0.030998697504401207,237
0.0,0.11295825242996216,0.0010000000474974513,0.04612623155117035,0.0010000000474974513,L,side,0.017354821786284447,0.20723748207092285,0.09362304210662842,0.13929179310798645,238
0.9391012191772461,0.563147783279419,0.04214370250701904,0.03857548534870148,0.7320210933685303,B,side,0.18925656378269196,1.0,1.0,1.0,239
0.083371102809906,0.16746088862419128,0.0010000000474974513,0.05396583676338196,0.0010000000474974513,L,side,0.0218731127679348,0.306126207113266,0.1131846010684967,0.18614180386066437,240
0.6982712745666504,0.4006894826889038,0.0010000000474974513,0.2908700108528137,0.024998784065246582,L,side,0.093853659927845,0.7520279884338379,0.543735921382904,0.6394565105438232,241
0.5782176852226257,0.12251468002796173,0.0041092634201049805,0.09548481553792953,0.0010000000474974513,L,side,0.028734242543578148,0.226887509226799,0.18373505771160126,0.20417441427707672,242
0.5722182989120483,0.0010000000474974513,0.0010000000474974513,0.10348127782344818,0.2259541153907776,B,top-bottom,0.03655548393726349,0.0339435413479805,0.32413238286972046,0.10489137470722198,243
0.5439599752426147,0.0010000000474974513,0.048865318298339844,0.07077392935752869,0.1412144899368286,B,top-bottom,0.040217325091362,0.10835641622543335,0.20255346596240997,0.14814846217632294,244
0.8994753956794739,0.0246753990650177,0.02011418342590332,0.1020510345697403,0.37044429779052734,B,top-bottom,0.05783606320619583,0.07557390630245209,0.5896378755569458,0.21109533309936523,245
0.8151091933250427,0.2322074919939041,0.0203666090965271,0.0010000000474974513,0.4811435341835022,B,top-bottom,0.08656983822584152,0.4498945474624634,0.8905157446861267,0.6329598426818848,246
0.5217979550361633,0.0010000000474974513,0.037451326847076416,0.0769348293542862,0.0856558084487915,B,top-bottom,0.03338727355003357,0.0828714594244957,0.09647772461175919,0.08941616117954254,247
0.25762492418289185,0.0010000000474974513,0.0010000000474974513,0.04793698340654373,0.11586368083953857,B,top-bottom,0.017928555607795715,0.017380066215991974,0.1704050451517105,0.05442105233669281,248
0.09839355945587158,0.0010000000474974513,0.012532830238342285,0.11489315330982208,0.0010000000474974513,T,top-bottom,0.008413700386881828,0.033348411321640015,0.20736095309257507,0.08315742760896683,249
0.5222641229629517,0.0010000000474974513,0.03496044874191284,0.07524917274713516,0.056458353996276855,T,top-bottom,0.02812093310058117,0.07529956102371216,0.093877874314785,0.0840771272778511,250
0.9037190079689026,0.17572417855262756,0.27955764532089233,0.1467580646276474,0.274151086807251,R,top-bottom,0.18967829644680023,0.40471532940864563,0.42159366607666016,0.4130682945251465,251
0.5656900405883789,0.11408185958862305,0.027126193046569824,0.043659381568431854,0.0010000000474974513,L,side,0.02551855891942978,0.18811233341693878,0.09190769493579865,0.13148753345012665,252
0.6478819847106934,0.0010000000474974513,0.0010000000474974513,0.10354868322610855,0.0010000000474974513,T,top-bottom,0.004434229806065559,0.01145486906170845,0.185787633061409,0.046132124960422516,253
0.5896443128585815,0.13304443657398224,0.0010000000474974513,0.009956121444702148,0.0010000000474974513,L,side,0.008247792720794678,0.23977558314800262,0.030525462701916695,0.08555267751216888,254
0.945347785949707,0.0010000000474974513,0.03970080614089966,0.1386929601430893,0.395224392414093,B,top-bottom,0.06681463867425919,0.12405319511890411,0.6045196652412415,0.273847758769989,255
0.6332867741584778,0.09235669672489166,0.0010000000474974513,0.3192056119441986,0.11204028129577637,T,top-bottom,0.07296185195446014,0.20856663584709167,0.4942735433578491,0.3210746943950653,256
0.5746997594833374,0.04963843524456024,0.011066555976867676,0.0911753699183464,0.0010000000474974513,T,top-bottom,0.020440934225916862,0.08971347659826279,0.16938616335391998,0.12327295541763306,257
0.6681297421455383,0.05034603178501129,0.02026045322418213,0.10391919314861298,0.1421208381652832,B,top-bottom,0.05560735613107681,0.09901849925518036,0.17974279820919037,0.13340862095355988,258
0.4660782814025879,0.0010000000474974513,0.0010000000474974513,0.1797829419374466,0.04146760702133179,T,top-bottom,0.019084028899669647,0.0231250561773777,0.29063519835472107,0.08198143541812897,259
0.5010955333709717,0.0010000000474974513,0.04451858997344971,0.12262921035289764,0.0010000000474974513,T,top-bottom,0.017450636252760887,0.09169638901948929,0.22448444366455078,0.14347268640995026,260
0.9301959872245789,0.3419879674911499,0.18204879760742188,0.060538627207279205,0.1117788553237915,L,side,0.12103758752346039,0.4871710538864136,0.20517471432685852,0.31615689396858215,261
0.9321528077125549,0.5375078320503235,0.05710315704345703,0.0181645005941391,0.630620539188385,B,top-bottom,0.17308075726032257,0.9867101311683655,1.0,0.9933328628540039,262
0.6012492179870605,0.2516857981681824,0.0010000000474974513,0.06263833492994308,0.009872734546661377,L,side,0.03072110190987587,0.45948556065559387,0.13011939823627472,0.2445158213376999,263
0.7293527126312256,0.0010000000474974513,0.04207015037536621,0.056861162185668945,0.0010000000474974513,T,top-bottom,0.0128370001912117,0.08071238547563553,0.10585711151361465,0.09243365377187729,264
0.9598938226699829,0.4797600209712982,0.10326415300369263,0.3424365222454071,0.5191874504089355,B,side,0.2798060476779938,0.8671191334724426,0.7188906073570251,0.7895339131355286,265
0.61988365650177,0.07029758393764496,0.01835399866104126,0.0840032696723938,0.4317464232444763,B,top-bottom,0.06916428357362747,0.1634274274110794,0.7188060879707336,0.34274280071258545,266
0.5821592807769775,0.0010000000474974513,0.017124056816101074,0.0512051023542881,0.02687734365463257,T,top-bottom,0.014952139928936958,0.03783154860138893,0.0724797174334526,0.052364300936460495,267
0.8008038997650146,0.024095460772514343,0.0010000000474974513,0.07998186349868774,0.1973942518234253,B,top-bottom,0.03764461353421211,0.07030943781137466,0.2938337028026581,0.14373336732387543,268
0.7829163670539856,0.0010000000474974513,0.0010000000474974513,0.17212694883346558,0.3906819820404053,B,top-bottom,0.061158858239650726,0.05728089064359665,0.5657259821891785,0.1800146847963333,269
0.7432639598846436,0.0010000000474974513,0.003055751323699951,0.10347376763820648,0.29572033882141113,B,top-bottom,0.040856219828128815,0.044619765132665634,0.44992318749427795,0.14168791472911835,270
0.9199070930480957,0.013370119035243988,0.029190778732299805,0.07032062113285065,0.24355322122573853,B,top-bottom,0.0433284193277359,0.0732346922159195,0.3863954246044159,0.16821874678134918,271
0.6912704706192017,0.13452206552028656,0.09143954515457153,0.061172038316726685,0.0010000000474974513,L,side,0.04773637279868126,0.1752052754163742,0.13190583884716034,0.15202170610427856,272
0.7754786014556885,0.25493478775024414,0.017112791538238525,0.08643605560064316,0.2334725260734558,L,side,0.09820012003183365,0.4771832525730133,0.37830644845962524,0.42487820982933044,273
0.9059998989105225,0.2807440757751465,0.043468594551086426,0.0010000000474974513,0.5714154839515686,B,top-bottom,0.11062297970056534,0.5278060436248779,1.0,0.7265025973320007,274
0.9299487471580505,0.0010000000474974513,0.0010000000474974513,0.13691005110740662,0.4496152997016907,B,top-bottom,0.055510103702545166,0.059652529656887054,0.6999794840812683,0.20434173941612244,275
0.32263273000717163,0.0010000000474974513,0.0354498028755188,0.0983351320028305,0.0010000000474974513,T,top-bottom,0.014072544872760773,0.07294316589832306,0.17984820902347565,0.11453688144683838,276
0.939529538154602,0.4403153955936432,0.09780406951904297,0.14199835062026978,0.4773644208908081,B,top-bottom,0.2040242999792099,0.7762607336044312,0.7994692921638489,0.7877795696258545,277
0.5202053785324097,0.043578654527664185,0.046537578105926514,0.08416623622179031,0.0010000000474974513,T,top-bottom,0.029095955193042755,0.05742134153842926,0.1597108542919159,0.09576435387134552,278
0.8960425853729248,0.39817947149276733,0.04124194383621216,0.09827293455600739,0.28897666931152344,L,side,0.13483121991157532,0.7224544882774353,0.48548179864883423,0.592231810092926,279
0.5830338001251221,0.0010000000474974513,0.00979238748550415,0.10631554573774338,0.09772652387619019,T,top-bottom,0.02945437841117382,0.03723050653934479,0.11426600068807602,0.06522408127784729,280
0.6431785821914673,0.0010000000474974513,0.001725912094116211,0.18618853390216827,0.15762877464294434,T,top-bottom,0.04370081424713135,0.036688368767499924,0.209308922290802,0.08763106167316437,281
0.955472469329834,0.5846258997917175,0.06966745853424072,0.26002225279808044,0.36243903636932373,L,side,0.2262873351573944,1.0,0.5098018050193787,0.7140040397644043,282
0.9018417596817017,0.14764684438705444,0.2795231342315674,0.16907650232315063,0.2648944854736328,R,side,0.18645574152469635,0.4284212589263916,0.38426586985588074,0.4057433605194092,283
0.4358396530151367,0.2766478955745697,0.0010000000474974513,0.0010000000474974513,0.0010000000474974513,L,side,0.010231945663690567,0.4973662197589874,0.028764788061380386,0.11961033940315247,284
0.689552903175354,0.0010000000474974513,0.0010000000474974513,0.0010000000474974513,0.0010000000474974513,L,side,0.0009995000436902046,0.0012000000569969416,0.0012000000569969416,0.0012000000569969416,285
0.5822250843048096,0.04604716598987579,0.022751808166503906,0.05901827663183212,0.0010000000474974513,T,top-bottom,0.021097302436828613,0.07068528234958649,0.11231279373168945,0.08910029381513596,286
0.5491815805435181,0.0010000000474974513,0.0010000000474974513,0.10214382410049438,0.05160164833068848,T,top-bottom,0.017968740314245224,0.01637454703450203,0.14277756214141846,0.04835202172398567,287
0.9372466802597046,0.4457591772079468,0.053018808364868164,0.05620519816875458,0.650894820690155,B,top-bottom,0.17282222211360931,0.8306614756584167,1.0,0.9114063382148743,288
0.584891676902771,0.0010000000474974513,0.0010000000474974513,0.0010000000474974513,0.0010000000474974513,L,side,0.0009995000436902046,0.0012000000569969416,0.0012000000569969416,0.0012000000569969416,289
0.371173620223999,0.0010000000474974513,0.0010000000474974513,0.0875115767121315,0.0010000000474974513,T,top-bottom,0.003897089511156082,0.00985115859657526,0.15692085027694702,0.03931732475757599,290
0.5288771390914917,0.06231480836868286,0.022679924964904785,0.08897506445646286,0.0010000000474974513,T,top-bottom,0.0266732145100832,0.10302022844552994,0.16785459220409393,0.13150063157081604,291
0.6927109956741333,0.0010000000474974513,0.04262644052505493,0.10292544960975647,0.18538415431976318,B,top-bottom,0.0483122356235981,0.10475856065750122,0.2557137608528137,0.16367103159427643,292
0.6890623569488525,0.0010000000474974513,0.04145848751068115,0.12579339742660522,0.04034644365310669,T,top-bottom,0.029382187873125076,0.09043926745653152,0.19839680194854736,0.13395096361637115,293
0.805658221244812,0.0010000000474974513,0.04816460609436035,0.05655009299516678,0.1328810453414917,B,top-bottom,0.03600507974624634,0.10483941435813904,0.19886226952075958,0.14439046382904053,294
0.4509052038192749,0.11571963131427765,0.010676562786102295,0.0010000000474974513,0.0010000000474974513,L,side,0.007878689095377922,0.199954092502594,0.013639619573950768,0.05222353711724281,295
0.5790164470672607,0.0010000000474974513,0.0010000000474974513,0.11919783055782318,0.0010000000474974513,T,top-bottom,0.0049583762884140015,0.013019783422350883,0.2139560878276825,0.05277936905622482,296
0.7011779546737671,0.0010000000474974513,0.009745657444000244,0.03486958518624306,0.13671761751174927,B,top-bottom,0.018550032749772072,0.033900901675224304,0.21927061676979065,0.08621758222579956,297
0.8693808317184448,0.0010000000474974513,0.02660202980041504,0.09506311267614365,0.46955162286758423,B,top-bottom,0.0536661297082901,0.10354512929916382,0.7719026207923889,0.2827132046222687,298
0.20182466506958008,0.0010000000474974513,0.03799372911453247,0.13472913205623627,0.0010000000474974513,T,top-bottom,0.016333550214767456,0.08116163313388824,0.24561180174350739,0.14118872582912445,299
0.7042036056518555,0.0010000000474974513,0.03143441677093506,0.08965422213077545,0.3086422085762024,B,top-bottom,0.04752369970083237,0.09561159461736679,0.4870760440826416,0.21580110490322113,300
0.0,0.15349063277244568,0.04093277454376221,0.0010000000474974513,0.0010000000474974513,L,side,0.01788904331624508,0.24373692274093628,0.020442340523004532,0.07058720290660858,301
0.8900251984596252,0.0010000000474974513,0.0010000000474974513,0.0010000000474974513,0.0010000000474974513,L,side,0.0009995000436902046,0.0012000000569969416,0.0012000000569969416,0.0012000000569969416,302
0.6485902667045593,0.0010000000474974513,0.0010000000474974513,0.11345769464969635,0.1085735559463501,T,top-bottom,0.02848985604941845,0.023203125223517418,0.11756500601768494,0.05222906917333603,303
0.922462522983551,0.0010000000474974513,0.0010000000474974513,0.052784837782382965,0.34891843795776367,B,top-bottom,0.02855982631444931,0.04117032513022423,0.5860252976417542,0.15532821416854858,304
0.9430403709411621,0.4686569273471832,0.05887991189956665,0.05061328411102295,0.641675591468811,B,top-bottom,0.17615818977355957,0.8657073974609375,1.0,0.930433988571167,305
0.9611350297927856,0.5724422931671143,0.08722209930419922,0.2055312544107437,0.593398928642273,B,side,0.2534645199775696,1.0,0.9696595072746277,0.9847128987312317,306
0.7189426422119141,0.0010000000474974513,0.0190468430519104,0.10826346278190613,0.35574495792388916,B,top-bottom,0.05027531087398529,0.07988515496253967,0.5557348132133484,0.210701122879982,307
0.5460852384567261,0.0010000000474974513,0.03451097011566162,0.07659053802490234,0.0010000000474974513,T,top-bottom,0.012740380130708218,0.06907880306243896,0.14061406254768372,0.09855684638023376,308
0.5728436708450317,0.029151618480682373,0.02463233470916748,0.07846780121326447,0.0010000000474974513,T,top-bottom,0.019223975017666817,0.040713828057050705,0.14582043886184692,0.07705133408308029,309
0.5827656984329224,0.0010000000474974513,0.0010000000474974513,0.06469351053237915,0.20218265056610107,B,top-bottom,0.02614583447575569,0.027687616646289825,0.31237396597862244,0.0929994136095047,310
0.6044521331787109,0.3151552081108093,0.05690044164657593,0.11996933817863464,0.08480924367904663,L,side,0.09361081570386887,0.542236864566803,0.1853029727935791,0.31698280572891235,311
0.9411841034889221,0.0010000000474974513,0.015488743782043457,0.04506588727235794,0.3336753845214844,B,top-bottom,0.030543088912963867,0.06495386362075806,0.5662118792533875,0.19177499413490295,312
0.7137078046798706,0.0023352503776550293,0.03310847282409668,0.0010000000474974513,0.13745993375778198,B,top-bottom,0.015594825148582458,0.07157304883003235,0.2501722574234009,0.13381177186965942,313
0.9008927345275879,0.1538846790790558,0.32281237840652466,0.21490271389484406,0.44055497646331787,B,top-bottom,0.22842785716056824,0.5235003232955933,0.6687465310096741,0.5916832089424133,314
0.6943796873092651,0.30658942461013794,0.0010000000474974513,0.0010000000474974513,0.0010000000474974513,L,side,0.011234797537326813,0.5512609481811523,0.03175894170999527,0.1323157697916031,315
0.5743793249130249,0.0010000000474974513,0.0010000000474974513,0.0860012024641037,0.14301526546478271,B,top-bottom,0.027639850974082947,0.023901646956801414,0.1888265162706375,0.06718083471059799,316
0.47069060802459717,0.0010000000474974513,0.028946399688720703,0.08868895471096039,0.12579834461212158,B,top-bottom,0.036622099578380585,0.07275225222110748,0.15848049521446228,0.10737696290016174,317
0.9711756706237793,0.5649898052215576,0.15347862243652344,0.5062260031700134,0.3913899064064026,L,side,0.3252456486225128,0.9839603900909424,0.6699417233467102,0.8119089603424072,318
0.7019830346107483,0.0010000000474974513,0.020109117031097412,0.04574018716812134,0.03419005870819092,T,top-bottom,0.01691419631242752,0.04338943585753441,0.05709120258688927,0.0497710257768631,319
0.5919479727745056,0.19982311129570007,0.0017285346984863281,0.04614068567752838,0.10047644376754761,L,side,0.05008617788553238,0.37296047806739807,0.16410021483898163,0.2473921924829483,320
0.8464510440826416,0.14724338054656982,0.023009121417999268,0.05244496464729309,0.6462644338607788,B,top-bottom,0.09128251671791077,0.3165017366409302,1.0,0.5625848770141602,321
0.5478345155715942,0.03605015575885773,0.06835120916366577,0.0010000000474974513,0.0010000000474974513,R,side,0.012583804316818714,0.09439205378293991,0.011440136469900608,0.032861191779375076,322
0.5687904953956604,0.03780972957611084,0.0033692121505737305,0.05993122607469559,0.09585416316986084,B,top-bottom,0.03242919594049454,0.08094067871570587,0.12871040403842926,0.10206814855337143,323
0.15777373313903809,0.0010000000474974513,0.004112184047698975,0.08628129959106445,0.11318975687026978,B,top-bottom,0.026383044198155403,0.02654903754591942,0.1352277398109436,0.05991799756884575,324
0.6380401849746704,0.4581032693386078,0.10421288013458252,0.09915940463542938,0.0010000000474974513,L,side,0.07871541380882263,0.7512315511703491,0.23391854763031006,0.41919803619384766,325
0.7018145322799683,0.0010000000474974513,0.026630759239196777,0.06271287053823471,0.14845603704452515,B,top-bottom,0.03183145076036453,0.06825225800275803,0.21981365978717804,0.12248583137989044,326
0.9584687352180481,0.44073158502578735,0.1310552954673767,0.27198708057403564,0.3416290879249573,L,side,0.23999641835689545,0.7498342394828796,0.4545213580131531,0.5837941765785217,327
0.9654355049133301,0.5615190267562866,0.08416461944580078,0.12716969847679138,0.5929977893829346,B,side,0.2231886386871338,1.0,1.0,1.0,328
0.5924183130264282,0.0010000000474974513,0.0010000000474974513,0.12625759840011597,0.0010000000474974513,T,top-bottom,0.005194837227463722,0.013725760392844677,0.22666367888450623,0.05577751621603966,329
0.6666116714477539,0.0010000000474974513,0.0010000000474974513,0.10813042521476746,0.18088972568511963,B,top-bottom,0.03464113920927048,0.029902014881372452,0.23929716646671295,0.08458999544382095,330
0.5846577882766724,0.10258778929710388,0.020886659622192383,0.0560617595911026,0.0010000000474974513,L,side,0.025839613750576973,0.17365486919879913,0.11245861649513245,0.13974614441394806,331
0.8982293605804443,0.45775550603866577,0.015346765518188477,0.0010000000474974513,0.401278018951416,L,side,0.11300624907016754,0.8519102334976196,0.7688106894493103,0.809294581413269,332
0.4848529100418091,0.0010000000474974513,0.017019450664520264,0.06623946130275726,0.1327378749847412,B,top-bottom,0.028599904850125313,0.049732744693756104,0.1877385377883911,0.096626877784729,333
0.7878164052963257,0.37156641483306885,0.06446635723114014,0.10905613005161285,0.0010968446731567383,L,side,0.06604228168725967,0.6282617449760437,0.23902684450149536,0.38751959800720215,334
0.6971433162689209,0.0010000000474974513,0.03266632556915283,0.05185338854789734,0.0010000000474974513,T,top-bottom,0.010771116241812706,0.0632847249507904,0.09590274095535278,0.07790493220090866,335
0.6308565735816956,0.075656458735466,0.0010000000474974513,0.11542747914791107,0.10719799995422363,T,side,0.05225425958633423,0.15764416754245758,0.1296767145395279,0.1429782509803772,336
0.5194349884986877,0.08504568040370941,0.05405855178833008,0.039358824491500854,0.0010000000474974513,L,side,0.029754290357232094,0.113871268928051,0.08395630866289139,0.09777633100748062,337
0.5168557167053223,0.0010000000474974513,0.03810340166091919,0.07037173211574554,0.0010000000474974513,T,top-bottom,0.013137993402779102,0.07492329925298691,0.12977945804595947,0.09860783070325851,338
0.5449759364128113,0.009061962366104126,0.05860370397567749,0.08904382586479187,0.0010000000474974513,T,top-bottom,0.021350223571062088,0.10724148154258728,0.1662454605102539,0.13352306187152863,339
0.9658443927764893,0.513491153717041,0.09994685649871826,0.10744518041610718,0.6667630672454834,B,top-bottom,0.22231432795524597,0.9217474460601807,1.0,0.9600768089294434,340
0.22427821159362793,0.021149933338165283,0.04515635967254639,0.02927982807159424,0.0010000000474974513,R,side,0.016191057860851288,0.06738948076963425,0.05853432044386864,0.06280603259801865,341
0.8410996198654175,0.022543415427207947,0.019136130809783936,0.0997391939163208,0.0192263126373291,T,top-bottom,0.022948401048779488,0.037165794521570206,0.16831745207309723,0.07909268140792847,342
0.702721357345581,0.11961957812309265,0.0396043062210083,0.0010000000474974513,0.0010000000474974513,L,side,0.01609150506556034,0.1838318109512329,0.01692238822579384,0.05577520281076431,343
0.9252700209617615,0.4071519076824188,0.09388148784637451,0.09907808154821396,0.6449567079544067,B,top-bottom,0.19593459367752075,0.7321717143058777,1.0,0.8556703329086304,344
0.7177865505218506,0.0010000000474974513,0.015016436576843262,0.04776560515165329,0.09237051010131836,B,top-bottom,0.02145843766629696,0.040243200957775116,0.12965607643127441,0.07223417609930038,345
0.673883318901062,0.1402578353881836,0.03250247240066528,0.0010000000474974513,0.0010000000474974513,L,side,0.01508081704378128,0.22666212916374207,0.01827603206038475,0.06436213105916977,346
0.5599807500839233,0.06423206627368927,0.06104409694671631,0.0010000000474974513,0.0010000000474974513,L,side,0.01639872044324875,0.0669824481010437,0.01352761685848236,0.030101709067821503,347
0.4300447702407837,0.0010000000474974513,0.0010000000474974513,0.11613677442073822,0.09382468461990356,T,top-bottom,0.026697151362895966,0.02199614606797695,0.13418644666671753,0.05432849004864693,348
0.6422510147094727,0.11232848465442657,0.0169370174407959,0.10177401453256607,0.0010000000474974513,L,side,0.03325696289539337,0.19891907274723053,0.1953197717666626,0.19711120426654816,349
0.5283944606781006,0.0010000000474974513,0.02132737636566162,0.09729351103305817,0.0010000000474974513,T,top-bottom,0.010334381833672523,0.04741863161325455,0.17656105756759644,0.0915001854300499,350
0.2677488923072815,0.07954664528369904,0.05829036235809326,0.008951663970947266,0.0010000000474974513,L,side,0.020465251058340073,0.09754683822393417,0.02909669652581215,0.053275611251592636,351
0.4962424039840698,0.0010000000474974513,0.06998610496520996,0.1072143092751503,0.04061460494995117,T,top-bottom,0.035220082849264145,0.13995787501335144,0.16759268939495087,0.15315324068069458,352
0.9084392786026001,0.23812362551689148,0.04224675893783569,0.14024168252944946,0.49652737379074097,B,top-bottom,0.14472350478172302,0.45850199460983276,0.8095929026603699,0.6092618107795715,353
0.6990117430686951,0.0010000000474974513,0.03279769420623779,0.05056101083755493,0.15827113389968872,B,top-bottom,0.03111298196017742,0.07911907136440277,0.24781900644302368,0.14002574980258942,354
0.5479565262794495,0.03900870680809021,0.03733563423156738,0.0357348695397377,0.0010000000474974513,L,top-bottom,0.020375940948724747,0.044020652770996094,0.07115720212459564,0.05596772953867912,355
0.7535938024520874,0.0010000000474974513,0.0010000000474974513,0.0010000000474974513,0.0010000000474974513,L,side,0.0009995000436902046,0.0012000000569969416,0.0012000000569969416,0.0012000000569969416,356
0.0,0.0010000000474974513,0.0010000000474974513,0.13640722632408142,0.12271559238433838,T,top-bottom,0.0330488495528698,0.026912283152341843,0.14756053686141968,0.06301739066839218,357
0.8056889176368713,0.0010000000474974513,0.0010000000474974513,0.09404987841844559,0.3822692632675171,B,top-bottom,0.0414048507809639,0.04863191395998001,0.6130447387695312,0.17266596853733063,358
0.024759232997894287,0.13419389724731445,0.0010000000474974513,0.08388520032167435,0.009205222129821777,L,side,0.029568273574113846,0.25005805492401123,0.1571485698223114,0.19823285937309265,359
0.5252624154090881,0.0010000000474974513,0.049147725105285645,0.09169519692659378,0.07675206661224365,T,top-bottom,0.037382952868938446,0.10451063513755798,0.10866446793079376,0.10656731575727463,360
0.6084129810333252,0.0010000000474974513,0.014448344707489014,0.11686518788337708,0.11329019069671631,T,top-bottom,0.03444955497980118,0.048222556710243225,0.12127001583576202,0.07647188752889633,361
0.9412893056869507,0.0010000000474974513,0.0010000000474974513,0.07920080423355103,0.48293960094451904,B,top-bottom,0.04105277359485626,0.05721404030919075,0.806130588054657,0.21476030349731445,362
0.7003492116928101,0.0010000000474974513,0.034129977226257324,0.07979662716388702,0.05081379413604736,T,top-bottom,0.02718694880604744,0.07369500398635864,0.10649589449167252,0.08859015256166458,363
0.030095219612121582,0.06251691281795502,0.009660422801971436,0.0010000000474974513,0.0010000000474974513,L,side,0.005727539770305157,0.10500210523605347,0.008217733353376389,0.029374808073043823,364
0.32743149995803833,0.016203373670578003,0.044907569885253906,0.05135365575551987,0.03649789094924927,T,side,0.03062065877020359,0.07665608823299408,0.06934936344623566,0.07291125506162643,365
0.5623005628585815,0.0010000000474974513,0.0010000000474974513,0.2148086130619049,0.213290274143219,T,top-bottom,0.054261185228824615,0.043809887021780014,0.21622328460216522,0.09732788801193237,366
0.5390548706054688,0.01841302216053009,0.012131929397583008,0.07744182646274567,0.0010000000474974513,T,top-bottom,0.012424482963979244,0.031282078474760056,0.1416497826576233,0.06656650453805923,367
0.0,0.10515627264976501,0.0010000000474974513,0.08077738434076309,0.0010000000474974513,L,side,0.023590795695781708,0.19665904343128204,0.15521492063999176,0.1747123897075653,368
0.7142112255096436,0.0010000000474974513,0.017933964729309082,0.0769769698381424,0.1098395586013794,B,top-bottom,0.029457740485668182,0.05016278848052025,0.1380230337381363,0.08320829272270203,369
0.9659210443496704,0.5335214734077454,0.1636689305305481,0.37496548891067505,0.5111819505691528,L,side,0.3222646713256836,0.9180182814598083,0.6898741126060486,0.79581218957901,370
0.9422816038131714,0.43059879541397095,0.05115383863449097,0.2915668487548828,0.5043789148330688,B,side,0.2330697923898697,0.8137493133544922,0.7228038311004639,0.7669296860694885,371
0.5220970511436462,0.0010000000474974513,0.012752950191497803,0.10530653595924377,0.05609560012817383,T,top-bottom,0.023279136046767235,0.03829552233219147,0.1460505723953247,0.07478691637516022,372
0.9635313749313354,0.0010000000474974513,0.0010000000474974513,0.12878304719924927,0.5019864439964294,B,top-bottom,0.055576637387275696,0.06407695263624191,0.8007491230964661,0.22651614248752594,373
0.23990416526794434,0.0010000000474974513,0.012182831764221191,0.06832853704690933,0.0010000000474974513,T,top-bottom,0.006669417954981327,0.02806195244193077,0.12350965291261673,0.05887208133935928,374
0.6058493852615356,0.0010000000474974513,0.0010000000474974513,0.06395018845796585,0.19017738103866577,B,top-bottom,0.02541571483016014,0.026412757113575935,0.29135915637016296,0.08772455900907516,375
0.49017781019210815,0.0010000000474974513,0.02482086420059204,0.022166624665260315,0.06315219402313232,B,top-bottom,0.016579993069171906,0.05240944027900696,0.09852273762226105,0.07185764610767365,376
0.9336557984352112,0.5233620405197144,0.08178049325942993,0.2731139361858368,0.36310040950775146,L,side,0.23057842254638672,0.9402487874031067,0.4956038296222687,0.6826352477073669,377
0.6877357959747314,0.08283507823944092,0.022391557693481445,0.15677474439144135,0.04501056671142578,T,top-bottom,0.05125344544649124,0.1513684242963791,0.2567087411880493,0.19712330400943756,378
0.9650195240974426,0.16334325075149536,0.06845998764038086,0.2629629373550415,0.0010000000474974513,T,top-bottom,0.07452427595853806,0.26564615964889526,0.49571362137794495,0.36288347840309143,379
0.966204047203064,0.5957401990890503,0.06788086891174316,0.48915475606918335,0.4103754162788391,L,side,0.29193949699401855,1.0,0.6185402870178223,0.7864733338356018,380
0.2217620611190796,0.0010000000474974513,0.0010000000474974513,0.12141618877649307,0.14501255750656128,B,top-bottom,0.03379093110561371,0.02764287404716015,0.1640896499156952,0.06734916567802429,381
0.8848904967308044,0.05184084549546242,0.01803046464920044,0.0010000000474974513,0.0010000000474974513,L,side,0.00758946780115366,0.07908914983272552,0.007987130433321,0.02513355016708374,382
0.6139932870864868,0.02034074068069458,0.0010000000474974513,0.18584251403808594,0.0010000000474974513,T,top-bottom,0.013220291584730148,0.05449758470058441,0.3358505964279175,0.13528874516487122,383
0.9887753129005432,0.6137878894805908,0.11534667015075684,0.32301703095436096,0.6355428695678711,B,side,0.3140409290790558,1.0,0.9584770202636719,0.9790183901786804,384
0.5480314493179321,0.006759703159332275,0.021416008472442627,0.04951639473438263,0.0010000000474974513,T,top-bottom,0.010288029909133911,0.03819269314408302,0.09114708006381989,0.059001293033361435,385
0.9557214379310608,0.5988884568214417,0.027713656425476074,0.11869357526302338,0.4800402522087097,L,side,0.18680310249328613,1.0,0.831777811050415,0.9120185375213623,386
0.20152705907821655,0.0010000000474974513,0.0010000000474974513,0.14289060235023499,0.05087101459503174,T,top-bottom,0.019971245899796486,0.020376162603497505,0.2167062759399414,0.06645029783248901,387
0.589985191822052,0.19179759919643402,0.015323340892791748,0.06870691478252411,0.0010000000474974513,L,side,0.03163623809814453,0.3399477005004883,0.14358453452587128,0.22093263268470764,388
0.7463392019271851,0.0010000000474974513,0.00817936658859253,0.2054699808359146,0.17545902729034424,T,top-bottom,0.05073881149291992,0.0520157590508461,0.23039668798446655,0.10947263985872269,389
0.8175894021987915,0.3614680767059326,0.022854208946228027,0.0750749260187149,0.14570468664169312,L,side,0.08680089563131332,0.6544371247291565,0.24064071476459503,0.3968428075313568,390
0.8633434176445007,0.0010000000474974513,0.023268520832061768,0.055881351232528687,0.23544812202453613,B,top-bottom,0.03266559913754463,0.07021628320217133,0.38152840733528137,0.16367501020431519,391
0.17885011434555054,0.15829025208950043,0.0010000000474974513,0.11088208109140396,0.0010000000474974513,L,side,0.0333605520427227,0.2953106760978699,0.21471677720546722,0.2518097758293152,392
0.5823239088058472,0.22742439806461334,0.0010000000474974513,0.08663545548915863,0.0010000000474974513,L,side,0.03274344652891159,0.4173274636268616,0.1779862642288208,0.2725409269332886,393
0.24392610788345337,0.0010000000474974513,0.023938894271850586,0.08663926273584366,0.0098952054977417,T,top-bottom,0.01361708901822567,0.05194345861673355,0.15052840113639832,0.0884249210357666,394
0.5467458367347717,0.031448960304260254,0.0359874963760376,0.03408307582139969,0.0010000000474974513,R,top-bottom,0.01847383752465248,0.043126631528139114,0.067293182015419,0.05387140437960625,395
0.6067003011703491,0.05635966360569,0.0010000000474974513,0.049678534269332886,0.0010000000474974513,L,side,0.013950754888355732,0.10571525245904922,0.09435732662677765,0.09987496584653854,396
0.9602621793746948,0.4706966280937195,0.08963620662689209,0.40364477038383484,0.513884961605072,B,side,0.2863321900367737,0.8672979474067688,0.6581103801727295,0.7554983496665955,397
0.6336445808410645,0.09239809215068817,0.08525103330612183,0.0010000000474974513,0.0010000000474974513,L,side,0.022919321432709694,0.09831574559211731,0.018764913082122803,0.04295214265584946,398
0.5774440765380859,0.14143434166908264,0.009364604949951172,0.0010000000474974513,0.0010000000474974513,L,side,0.008349103853106499,0.24729013442993164,0.016079895198345184,0.06305869668722153,399
